maxeduc,valorjornal,fam_electricidad,fam_letrinas,riskmax,loutput,lseeds,lland,llabour,lfertilizer,lpesticide,ageold60,nooutinc,diste1,footaccess,caraccess,fullten,dum01,dum02,dum03,dum04,Participation
12,4,0.61224,0.4449,0.24881438289512,7.70300768247924,4.8283137373023,1.6094379124341,4.59511985013459,5.73334127689775,5.8406416573734,0,1,3.49754595686272,0,1,0,0,0,0,1,1
11,5,0.473134,0.49801,0.0152169540477273,7.15461535691366,4.02535169073515,0.405465108108164,4.17438726989564,5.01727983681492,4.91265488573605,0,1,3.28187905686036,0,1,1,0,0,1,0,1
10,4,0.6886,0.53947,0.163875039592634,5.48063892334199,3.61765194482557,0,3.43398720448515,4.33073334028633,4.18965474202643,0,1,3.35388594909658,0,1,1,0,0,1,0,1
14,3.5,0.9625,0.9875,6.31359896988394,6.43292401543952,4.24849524204936,0.916290731874155,4.04305126783455,4.75359019110636,3.39114704580865,0,0,3.7502390564961,1,0,1,0,0,0,1,1
9,4,1,1,0.826898063360482,6.30627528694802,3.63758615972639,0.693147180559945,3.17805383034795,4.86753445045558,3.3322045101752,1,1,3.79438907893906,1,0,1,0,0,0,1,1
3,5,0.6,0.4,0.163875039592634,6.37672694789863,3.13549421592915,0.693147180559945,3.8286413964891,6.42971947803914,4.77068462446567,0,1,3.29035894071585,0,1,0,0,0,1,0,1
11,4.5,0.6,0.4,1.05181732310114,4.969813299576,1.50407739677627,-0.693147180559945,2.484906649788,4.0943445622221,3.09104245335832,0,1,3.29035894071585,0,1,1,0,0,1,0,1
6,4,0.7,0.75,1.05181732310114,5.61677109766657,3.2188758248682,0,3.04452243772342,4.75359019110636,3.52636052461616,0,1,3.85877927032499,1,0,1,0,0,1,0,1
11,0,0.90741,0.86111,0.0752819026829323,7.36518012602101,4.51305489708029,1.38629436111989,4.71849887129509,5.56068163101553,4.83628190695148,0,0,3.8900602271742,1,0,1,0,0,0,1,1
12,3,0.61224,0.4449,0.163875039592634,6.07534603108868,3.05400118167797,0.693147180559945,3.87120101090789,4.23410650459726,3.58351893845611,0,0,3.49754595686272,1,0,1,0,0,0,1,1
12,4,1,1,0.163875039592634,5.76832099579377,3.52636052461616,0,3.55534806148941,4.4188406077966,3.64414356027254,0,1,3.79438907893906,0,1,1,0,0,0,1,1
6,4,0.93168,0.96273,0.163875039592634,6.25382881157547,4.86753445045558,1.38629436111989,3.98898404656427,6.07534603108868,5.4971682252932,0,1,3.88130675977025,0,1,1,0,0,0,1,1
11,3,0.93023,1,0.484672153307257,7.32118855673948,4.66532410880784,1.70474809223843,4.56434819146784,5.45958551414416,4.67282883446191,0,0,3.84595740966773,0,1,1,0,0,1,0,1
10,4,0.6886,0.53947,0.163875039592634,7.27170370688737,4.0943445622221,0.693147180559945,3.25809653802148,4.95582705760126,4.49980967033027,0,1,3.35388594909658,1,0,1,0,0,1,0,1
11,5,0.95276,0.6063,0.24881438289512,6.99942246750796,3.71357206670431,0.22314355131421,4.0943445622221,4.80811102998478,4.47676847118357,0,1,3.9178540561253,0,1,0,0,0,1,0,1
12,4,0.9625,0.9875,1.05181732310114,5.10594547390058,2.52572864430826,-0.693147180559945,3.66356164612965,4.38202663467388,2.77258872223978,0,0,3.7502390564961,1,0,0,0,0,0,1,1
12,4,0.93168,0.96273,0.0152169540477273,7.29097477814298,4.44265125649032,1.09861228866811,4.39444915467244,5.55295958492162,5.63835466933375,0,1,3.80526914233753,1,0,1,0,0,0,1,1
6,3,1,1,1.05181732310114,6.08677472691231,3.68887945411394,0,3.29583686600433,4.57471097850338,3.2188758248682,1,0,3.79438907893906,0,1,1,0,0,0,1,1
10,4,0.89286,0.95238,0.113056802971772,7.65893549079269,4.30406509320417,1.25276296849537,4.92725368515721,5.77455154554441,5.30330490805908,0,0,3.90461455999724,1,0,1,0,0,1,0,1
9,4,0.61224,0.4449,1.05181732310114,5.98141421125448,3.17805383034795,0,3.49650756146648,4.89783979995091,4.69134788222914,1,1,3.49754595686272,0,1,1,0,0,0,1,1
6,4,0.93168,0.96273,0.163875039592634,7.03702761468628,4.23410650459726,0.693147180559945,4.21950770517611,5.04985600724954,5.28826703069454,0,1,3.80526914233753,1,0,1,0,0,0,1,1
3,4,0.89286,0.95238,0.0655753718622365,6.8001700683022,4.20469261939097,0.559615787935423,4.14313472639153,4.71849887129509,4.11903717481247,0,0,3.90461455999724,1,0,1,0,0,1,0,1
5,4,1,1,0.826898063360482,6.22455842927536,3.46573590279973,0.693147180559945,3.55534806148941,5.08759633523238,3.36729582998647,0,1,3.79438907893906,1,0,1,0,0,0,1,1
7,4,0.8596,0.94556,0.163875039592634,7.19443685110033,4.30406509320417,0.693147180559945,4.4188406077966,5.07517381523383,4.83628190695148,0,1,3.68521500516792,1,0,1,0,0,0,1,1
2,5,0.93023,1,339.526204712093,8.1605182474775,3.68887945411394,1.6094379124341,3.78418963391826,5.87773578177964,5.29831736654804,1,1,3.84595740966773,1,0,1,0,0,1,0,1
11,4,1,1,0.24881438289512,6.52209279817015,3.98898404656427,0.916290731874155,4.33073334028633,4.71177992104635,4.20020495292158,0,0,3.79438907893906,0,0,1,0,0,0,1,1
10,4.5,0.77439,0.60976,0.826898063360482,7.66105638236183,3.97029191355212,1.38629436111989,4.99721227376411,5.8171111599632,5.47227067367148,0,1,3.70047783078281,1,0,1,0,0,0,1,1
9,4.5,0.77439,0.60976,0.152580873981788,7.55328660560042,3.71357206670431,1.17865499634165,4.90527477843843,5.73009978297357,5.58724865840025,0,1,3.70047783078281,0,1,1,0,0,0,1,1
11,4,0.90741,0.86111,1.05181732310114,5.17048399503815,3.2188758248682,0,3.87120101090789,4.85203026391962,2.77258872223978,0,0,3.8900602271742,0,1,1,0,0,0,1,1
7,3,1,0.71084,0.163875039592634,7.18538701558042,4.86753445045558,1.38629436111989,4.7361984483945,5.74620319054015,4.38202663467388,1,1,3.61739723439899,0,1,1,0,0,1,0,1
11,4,0.77439,0.60976,0.826898063360482,6.77878489768518,3.25809653802148,0.693147180559945,4.27666611901606,5.27811465923052,4.70637206649706,1,1,3.70047783078281,0,1,1,0,0,0,1,1
11,4,1,1,0.163875039592634,6.34388043412633,3.46573590279973,0,3.68887945411394,4.34380542185368,2.99573227355399,1,1,3.79438907893906,0,0,1,0,0,0,1,1
7,4,1,1,0.163875039592634,6.8134445995109,4.51085950651685,1.38629436111989,4.54329478227,5.59098698051086,4.02535169073515,0,0,3.79438907893906,0,1,1,0,0,0,1,1
10,4,0.9625,0.9875,0.163875039592634,7.02108396428914,4.37475022570311,0.693147180559945,3.8286413964891,5.08759633523238,4.33073334028633,0,1,3.7502390564961,1,0,1,0,0,0,1,1
6,5,0.95276,0.6063,12.4776516930092,8.70979505761775,4.98360662170834,0.641853886172395,4.80402104473326,5.56452040732269,5.82747394699875,0,1,3.9178540561253,0,1,1,0,0,1,0,1
11,3,1,0.82234,0.109517103102118,5.88610403145016,3.74950407593037,0.300104592450338,3.80666248977032,5.00729639283074,3.58351893845611,0,1,3.71686090521328,1,0,0,0,0,1,0,1
11,4,1,1,0.975420051067181,7.24422751560335,4.0517849478033,0.928219302739429,4.33073334028633,5.59396760864899,4.56121829845891,0,0,3.79438907893906,0,1,1,0,0,0,1,1
12,3,0.9625,0.9875,0.163875039592634,8.66388757056704,4.84339937472034,2.30258509299405,5.62040086571715,6.5366915975913,5.82894561761021,0,0,3.7502390564961,0,1,1,0,0,0,1,1
4,4,0.89286,0.95238,0.0152169540477273,6.74051935960622,3.78418963391826,0.405465108108164,4.14313472639153,4.91632461462501,4.43081679884331,1,0,3.90461455999724,1,0,1,0,0,1,0,1
12,4,0.77439,0.60976,0.826898063360482,6.31035454668396,2.8160073426073,0.693147180559945,3.61091791264422,5.03695260241363,4.27360588571946,1,1,3.64117619038278,0,1,1,0,0,0,1,1
9,3,0.90741,0.86111,0.163875039592634,5.44673737166631,3.46573590279973,0,3.55534806148941,4.13516655674236,2.99573227355399,0,1,3.8900602271742,0,1,1,0,0,0,1,1
12,4,0.92835,0.96885,0.0655753718622365,7.61085279039525,4.70048036579242,1.25276296849537,4.91265488573605,5.91889385427315,4.77068462446567,0,1,3.67539387237517,1,0,0,0,0,0,1,1
6,4,0.90909,0.98182,1.05181732310114,5.98141421125448,3.2188758248682,0,3.13549421592915,4.44265125649032,3.49650756146648,0,1,3.14223278174196,1,0,1,0,0,0,1,1
11,4,0.8596,0.94556,4.25365905137174,7.07326971745971,3.26575941076705,1.09861228866811,4.4188406077966,5.46383180502561,4.38202663467388,1,1,3.68521500516792,0,1,1,0,0,0,1,1
5,3.5,0.07692,0.25641,0.163875039592634,7.63530388625941,4.49980967033027,0.693147180559945,3.66356164612965,5.32787616878958,4.8283137373023,1,1,3.15803632641883,0,1,1,0,0,0,1,1
7,5,0.33333,0.03333,0.993258435510223,6.88243747099785,3.91202300542815,1.09861228866811,3.63758615972639,5.39816270151775,4.77068462446567,0,0,3.54081154247904,0,1,0,0,0,0,1,1
6,4,0.07692,0.25641,1.02023434006833,6.44571981938558,3.17805383034795,0.698134722070984,3.85014760171006,5.47378213587878,3.89182029811063,0,0,3.15803632641883,0,1,1,0,0,0,1,1
6,4,0.875,0.75,0.163875039592634,6.73340189183736,4.17438726989564,0.693147180559945,3.8286413964891,4.99043258677874,3.67630067190708,0,1,3.50880211716879,1,0,1,0,0,1,0,1
12,0,0.51309,0.74346,0.173410848468516,7.31455283232408,4.12713438504509,1.54329810992956,5.01063529409626,4.89034912822175,4.68675017298051,0,1,3.66307085464007,0,0,0,0,0,1,0,1
7,4.5,0.875,0.75,0.163875039592634,6.16961073249146,3.09104245335832,0.693147180559945,3.95124371858143,5.54517744447956,4.66343909411207,0,1,3.50880211716879,1,0,1,0,0,1,0,1
9,4,0.33333,0.03333,0.14381221194119,7.27236366974499,4.62497281328427,1.84530023615608,4.31748811353631,5.85793315448346,4.90156419904189,0,0,3.54081154247904,1,0,1,0,0,0,1,1
6,5,0.90909,0.98182,0.163875039592634,7.33302301438648,4.24849524204936,1.09861228866811,4.61512051684126,5.11198778835654,4.53259949315326,0,1,3.14223278174196,1,0,1,0,0,0,1,1
6,3,0.83333,0.78667,0.130826976836786,8.11312710422178,5.03695260241363,1.94591014905531,5.17048399503815,6.02102334934953,5.0998664278242,1,1,3.72586481247999,0,1,1,0,0,0,1,1
6,5,0.82143,0.91429,0.258294354996737,8.42244285487043,4.47847253294213,1.79175946922805,5.39816270151775,5.33753807970132,5.89164421182577,0,1,3.73152155392445,1,0,1,0,0,1,0,1
5,4,0.33333,0.03333,0.0152169540477273,7.14361760270412,4.44265125649032,1.09861228866811,4.40671924726425,5.34233425196481,5.54907608489522,1,1,3.54081154247904,0,1,1,0,0,0,1,1
7,4,1,1,26.876840721685,6.59646334089122,3.85014760171006,1.01160091167848,4.31748811353631,6.24222326545517,5.21493575760899,0,0,3.79438907893906,0,1,1,0,0,0,1,1
9,4,0.33333,0.03333,0.127555240463586,6.74523634948436,4.49980967033027,0.693147180559945,3.91202300542815,5.32300997913841,4.74493212836325,1,1,3.54081154247904,0,1,0,0,0,0,1,1
9,4,0.33333,0.03333,0.0152169540477273,7.22766249872865,4.53259949315326,1.09861228866811,4.27666611901606,5.61677109766657,5.44241771052179,0,1,3.54081154247904,1,0,0,0,0,0,1,1
6,0,0.07692,0.25641,0.163875039592634,6.77536609093639,3.93182563272433,0.693147180559945,3.95124371858143,6.06842558824411,3.87120101090789,0,1,3.15803632641883,1,0,1,0,0,0,1,1
7,3.5,0.90909,0.98182,0.0667023701848758,8.39389497507174,5.37063802812766,2.07944154167984,5.41610040220442,6.25766758788264,5.46383180502561,0,1,3.14223278174196,0,1,1,0,0,0,1,1
12,5,0.92835,0.96885,0.24881438289512,7.18538701558042,4.24849524204936,0.916290731874155,4.49980967033027,5.4249500174814,4.43081679884331,1,1,3.67539387237517,0,1,1,0,0,0,1,1
9,5,0.76923,0.84615,1.05181732310114,6.22653666928747,3.2188758248682,0,3.2188758248682,4.44265125649032,3.98898404656427,0,0,3.74513583689117,1,0,1,0,0,1,0,1
11,3,0.82143,0.91429,0.163875039592634,6.08677472691231,3.46573590279973,0,3.78418963391826,4.44265125649032,2.94443897916644,0,0,3.73152155392445,1,0,1,0,0,1,0,1
7,4,0.93023,1,0.163875039592634,7.41457288135059,4.17438726989564,0.693147180559945,4.52178857704904,5.04985600724954,3.85014760171006,1,1,3.84595740966773,0,1,0,0,0,1,0,1
12,4,0.96203,0.94937,0.24881438289512,7.01481435127554,4.55387689160054,0.916290731874155,4.68213122712422,5.59842195899838,4.86753445045558,0,0,3.52945946984927,0,1,1,0,0,0,1,1
12,5,0.96203,0.94937,1.54418975583184,7.54591815120932,4.18965474202643,0.693147180559945,4.47733681447821,5.55489569394848,5.59098698051086,1,1,3.52945946984927,0,1,1,0,0,0,1,1
6,4,0.9466,0.87864,0.163875039592634,5.7037824746562,4.07329115302427,0.693147180559945,4.35670882668959,5.18738580584075,4.8572509871969,0,0,3.60182938397416,0,1,1,0,0,0,1,1
3,4,1,1,1.05181732310114,5.98141421125448,3.17805383034795,0,3.43398720448515,4.64439089914137,4.52178857704904,1,1,3.91674793328293,1,0,0,0,0,0,1,1
7,4,0.5,0.5,0.1696421457511,7.75790620835175,5.30330490805908,1.84213567655312,5.17048399503815,6.22487521077797,5.03311407585668,0,0,3.84535086767931,0,0,1,0,0,0,1,1
2,4,0.90747,0.84578,0.163875039592634,6.9177056098353,4.8283137373023,1.38629436111989,4.99043258677874,4.68213122712422,3.95124371858143,0,0,3.87768654821989,0,1,1,0,0,0,1,1
7,5,0.95808,0.8982,0.163875039592634,6.5792512120101,2.83321334405622,0.693147180559945,3.98898404656427,4.93806460126142,4.07753744390572,0,1,3.9317515897408,1,0,1,0,0,1,0,1
6,4,0.90747,0.84578,0.359602081511512,6.6496320087719,3.9070104636046,0.444685821261446,4.33073334028633,5.22380931437297,4.08899695589551,1,1,3.87768654821989,0,1,0,0,0,0,1,1
4,5,0.90747,0.84578,0.163875039592634,6.63987583382654,4.9416424226093,1.38629436111989,4.36944785246702,5.52942908751142,4.19720194766181,1,0,3.87768654821989,0,1,1,0,0,0,1,1
2,5,0.69565,0.79891,1.05181732310114,6.77992190747225,3.78418963391826,0.693147180559945,3.09104245335832,5.08759633523238,4.0943445622221,0,0,3.836706560767,1,0,1,0,0,0,1,1
12,4,0.95238,0.99206,3.07783565008592,7.25841215059531,4.64918707140487,1.50407739677627,5.06259503302697,5.57972982598622,4.44511879783986,0,1,3.92735182078385,0,0,1,0,0,0,1,1
5,4,0.93168,0.96273,0.163875039592634,6.92755790627832,3.37587957367787,0.482426149244293,3.93182563272433,4.70048036579242,3.25809653802148,0,0,3.53369759789102,1,0,1,0,0,0,1,1
6,4,0.9,0.96,50.9638905394392,7.10167597161944,3.58351893845611,0.405465108108164,4.0943445622221,4.43081679884331,3.63230910262554,0,1,3.61364079255604,0,1,0,0,0,1,0,1
9,4,0.75455,0.90909,0.890469862124348,6.73368756531452,5.57070812043086,1.09861228866811,4.8283137373023,5.26940335638339,5.0099016917425,0,1,3.57810002653568,0,1,1,0,0,1,0,1
8,0,0.89286,0.95238,0.24881438289512,6.4831073514572,3.46573590279973,0.22314355131421,4.04305126783455,4.84418708645859,4.61512051684126,1,1,3.90461455999724,1,0,1,0,0,1,0,1
6,4,0.89286,0.95238,0.0152169540477273,7.06987412845857,3.91202300542815,0.405465108108164,4.06044301054642,4.99043258677874,4.32413265625498,0,0,3.90461455999724,1,0,1,0,0,1,0,1
6,3.5,0.89286,0.95238,0.0152169540477273,7.028201432058,3.93182563272433,0.405465108108164,4.02535169073515,4.89034912822175,4.3502779363593,0,0,3.90461455999724,1,0,1,0,0,1,0,1
8,3.5,0.89286,0.95238,0.0655753718622365,7.21081845347222,3.89182029811063,0.559615787935423,4.14313472639153,5.07829394257007,4.51085950651685,0,0,3.48899451553546,1,0,1,0,0,1,0,1
3,5,0.91475,0.81336,0.24881438289512,7.2152399787301,4.68213122712422,0.916290731874155,3.73766961828337,5.49306144334055,5.46806014113513,0,1,3.58820680741338,1,0,1,0,0,0,1,1
12,4,0.625,0.75,0.163875039592634,6.91075078796194,4.17438726989564,0.693147180559945,4.35670882668959,5.03695260241363,5.19295685089021,0,1,3.49648272089283,0,1,1,0,0,0,1,1
7,4,1,1,0.127555240463586,6.28785856016178,3.98898404656427,0.693147180559945,4.26267987704132,4.75359019110636,2.39789527279837,0,1,3.51875050744647,0,1,0,0,0,1,0,1
2,4,0.625,0.75,0.163875039592634,6.86484777797086,4.30406509320417,0.693147180559945,3.85014760171006,5.03043792139244,5.10594547390058,0,1,3.49648272089283,0,1,1,0,0,0,1,1
7,4.5,0.95276,0.6063,0.163875039592634,7.13409372119287,4.00733318523247,0.693147180559945,4.15888308335967,5.05624580534831,4.61015772749913,0,1,3.9178540561253,0,1,0,0,0,1,0,1
7,4,0.90909,0.98182,1.05181732310114,6.11146733950268,3.52636052461616,0,3.13549421592915,4.68213122712422,3.98898404656427,1,1,3.14223278174196,1,0,1,0,0,0,1,1
7,4,0.4,0,0.163875039592634,6.39692965521615,4.17438726989564,0.693147180559945,3.40119738166216,4.91265488573605,3.80666248977032,0,1,3.48366290093382,1,0,0,0,0,1,0,1
5,4.5,0.95205,0.78767,0.500709510671691,7.97091308666584,4.38202663467388,0.322083499169113,4.4188406077966,5.1328529268205,5.24174701505964,0,1,3.9178540561253,0,1,1,0,0,1,0,1
1,4,0.9,0.8,114.291296521259,6.11809719804135,4.14313472639153,0.231111720963387,3.40119738166216,6.03068526026126,4.27249074760558,1,1,0.771266929688543,0,1,0,0,0,0,1,1
12,3.5,0.6,0.88889,0.163875039592634,6.97914527506881,4.1174098351531,1.09861228866811,4.48863636973214,5.28826703069454,4.52178857704904,0,0,1.03233392287341,1,0,0,0,0,0,1,1
9,4,0.6,0.88889,0.258294354996737,8.44074401925283,4.36691299686383,1.79175946922805,4.53259949315326,5.27299955856375,4.53259949315326,1,1,3.31142074737915,1,0,1,0,0,0,1,1
2,5,0.33333,0.03333,1.05181732310114,5.39362754635236,2.39789527279837,-0.693147180559945,2.89037175789616,4.60517018598809,4.95279429440641,1,1,3.54081154247904,0,1,1,0,0,0,1,1
12,4,1,1,0.258294354996737,7.23993259132047,4.26549281841793,1.09861228866811,4.7361984483945,5.28826703069454,4.24849524204936,0,1,3.91674793328293,1,0,0,0,0,0,1,1
4,4.5,0.95,0.95,0.163875039592634,6.89972310728487,3.3499040872746,0.693147180559945,4.06044301054642,5.8171111599632,3.20680324363393,1,1,3.04951850801741,1,0,1,0,0,1,0,1
9,4,0.11111,0.66667,0.163875039592634,6.76849321164863,4.43081679884331,0.693147180559945,3.73766961828337,4.94875989037817,4.11087386417331,0,1,2.64231146171943,1,0,1,0,0,1,0,1
12,4,0.95,0.95,0.0152169540477273,7.24422751560335,4.44265125649032,1.09861228866811,4.46590811865458,5.4380793089232,5.46911443749004,1,1,3.04951850801741,0,1,0,0,0,1,0,1
9,5,0.95205,0.78767,1.35667860184547,7.90378097887515,4.38202663467388,0.22314355131421,4.45434729625351,5.10897119481712,5.14166355650266,0,0,3.9178540561253,0,1,1,0,0,1,0,1
12,4,1,1,0.0152169540477273,7.24422751560335,4.44265125649032,1.09861228866811,4.29045944114839,5.59471137960184,5.605802066296,1,1,3.91674793328293,1,0,1,0,0,0,1,1
5,3,0.7,0.75,0.0152169540477273,6.80239476332431,4.00733318523247,1.09861228866811,3.40119738166216,4.93447393313069,4.06044301054642,0,0,3.85877927032499,1,0,0,0,0,1,0,1
9,4,0.90741,0.86111,0.0861047716275147,6.60800062529609,3.85014760171006,0.625938430866495,3.43398720448515,4.86753445045558,4.05352256770185,0,0,3.8900602271742,0,1,1,0,0,0,1,1
12,4,0.85714,0.98571,1.31028555311057,7.60787807327851,4.44265125649032,0.806475865866949,4.35670882668959,5.4380793089232,4.18965474202643,0,0,3.23426067222652,0,1,1,0,0,0,1,1
9,4,0.85714,0.98571,0.163875039592634,6.68085467879022,3.80666248977032,0.693147180559945,3.97029191355212,4.84418708645859,4.20469261939097,0,1,3.23426067222652,1,0,0,0,0,0,1,1
7,4,0.95808,0.8982,16.4894571643423,6.77078942390898,4.00277736869661,1.44691898293633,4.95582705760126,6.11809719804135,4.99721227376411,1,0,3.9317515897408,0,1,1,0,0,1,0,1
6,3,0.9,0.96,0.0610574876961001,6.38350663488401,3.98154906807676,0.916290731874155,4.53259949315326,5.27811465923052,3.8177123259569,1,1,3.61364079255604,0,1,0,0,0,1,0,1
9,5,0.93023,1,0.258294354996737,7.60190195987517,3.78532535238219,1.09861228866811,4.80402104473326,5.07517381523383,5.11799381241676,0,1,3.84595740966773,1,0,1,0,0,1,0,1
2,4,0.90747,0.84578,0.163875039592634,6.9985096422506,4.24849524204936,0.693147180559945,4.04305126783455,5.03695260241363,4.07753744390572,0,0,3.87768654821989,1,0,0,0,0,0,1,1
11,4,0.94697,0.89394,0.163875039592634,6.96034772910131,4.12713438504509,0.693147180559945,4.30406509320417,5.39362754635236,4.43081679884331,0,0,3.19552704304561,1,0,0,0,0,0,1,1
6,4,0.90747,0.84578,0.163875039592634,6.73340189183736,4.24849524204936,0.693147180559945,4.48863636973214,4.83628190695148,4.32413265625498,0,0,3.87768654821989,0,1,1,0,0,0,1,1
9,4,0.925,0.9375,0.0752819026829323,6.38687931936265,3.71600812150219,0.693147180559945,4.61512051684126,5.03695260241363,3.72930136861285,0,1,3.12718697166663,1,0,0,0,0,1,0,1
12,4,1,0.82234,0.163875039592634,6.90775527898214,4.24849524204936,0.693147180559945,4.12713438504509,4.95582705760126,4.15888308335967,1,0,3.71686090521328,0,1,1,0,0,1,0,1
9,5,0.93023,1,0.163875039592634,6.42971947803914,3.48124008933569,0,3.95124371858143,4.30406509320417,3.18841661738349,0,1,3.84595740966773,0,1,0,0,0,1,0,1
6,3.5,1,1,0.24881438289512,6.9177056098353,4.0517849478033,0.916290731874155,4.53259949315326,5.17614973257383,4.11087386417331,0,1,3.91674793328293,0,1,1,0,0,0,1,1
3,5,0.90747,0.84578,26.1322845346913,6.28226674689601,3.17805383034795,0.198850858745165,3.97029191355212,4.65396035015752,4.01818320125654,0,0,3.87768654821989,0,1,1,0,0,0,1,1
6,3.5,1,1,8.37897866331938,7.20637729147225,4.24849524204936,1.25276296849537,4.23410650459726,4.92725368515721,4.12713438504509,0,0,3.91674793328293,0,1,1,0,0,0,1,1
6,4,0.96203,0.94937,0.826898063360482,6.74758652682932,3.29583686600433,0.693147180559945,4.34380542185368,5.29831736654804,4.80811102998478,0,1,3.52945946984927,1,0,0,0,0,0,1,1
11,5,0.93023,1,0.163875039592634,7.66669020008009,3.76699723337789,0.693147180559945,4.46590811865458,5.07517381523383,4.78749174278205,0,1,3.84595740966773,1,0,1,0,0,1,0,0
5,4,0.96203,0.94937,0.822409686412378,7.64012317269536,4.40671924726425,0.810930216216329,4.00733318523247,5.52744298953979,5.51141058200874,0,1,3.52945946984927,1,0,0,0,0,0,1,1
12,5,1,1,0.147432281107416,6.52209279817015,4.40671924726425,0.72270598280149,4.00733318523247,4.64918707140487,4.01457959375324,0,1,2.75296615136586,0,1,0,1,0,0,0,1
8,5,0.78195,0.84962,0.826898063360482,6.02102334934953,3.46573590279973,1.38629436111989,4.29045944114839,4.64439089914137,3.25809653802148,1,1,0.772928253616882,0,1,1,1,0,0,0,1
15,5,0.78195,0.84962,0.826898063360482,6.26909628370626,4.30406509320417,1.38629436111989,3.78418963391826,6.72383244082121,5.01063529409626,0,1,0.772928253616882,0,1,1,1,0,0,0,1
12,4,1,1,0.458373039855854,6.62539236800796,3.3322045101752,0.22314355131421,4.14313472639153,4.22785512129627,0.693147180559945,1,0,1.89201814984271,1,0,1,1,0,0,0,0
6,3.5,1,1,0.826898063360482,7.24992553671799,2.484906649788,1.79175946922805,3.09104245335832,5.50533153593236,3.80666248977032,1,1,1.89201814984271,1,0,0,1,0,0,0,1
4,4,0.89868,0.82819,0.163875039592634,7.33888813383888,4.67282883446191,1.09861228866811,4.18965474202643,5.35185813347607,4.45434729625351,0,1,1.57931646636294,1,0,0,0,1,0,0,1
9,5,0.89868,0.82819,0.237147623523092,8.33567131479285,4.82671245593533,2.30258509299405,5.97635090929793,6.88755257166462,6.2431955552741,0,1,1.57931646636294,1,0,0,0,1,0,0,1
12,5,0.92308,0.76923,1.05181732310114,3.25809653802148,1.79175946922805,-1.38629436111989,2.70805020110221,3.70130197411249,3.41772668361337,0,0,1.43027586823015,1,0,1,1,0,0,0,1
9,4,0.89923,0.82908,0.163875039592634,6.12249280951439,3.13983261752775,0.693147180559945,3.40119738166216,5.17048399503815,3.71357206670431,0,0,0.811425898945203,0,1,0,0,1,0,0,1
9,4,1,1,0.147432281107416,6.85490287507791,4.75359019110636,1.41585316336144,4.39444915467244,5.90808293816893,5.25227342804663,0,1,1.89201814984271,0,1,1,1,0,0,0,1
9,5,1,1,0.258294354996737,6.65157187358973,4.0943445622221,1.09861228866811,4.74493212836325,4.9416424226093,3.91202300542815,1,0,1.89201814984271,0,1,1,1,0,0,0,1
9,4,1,1,0.152396220407276,6.24900952513952,3.43398720448515,0.207014169384326,2.94443897916644,4.36957442673464,3.87411343235493,0,1,1.89201814984271,0,1,1,1,0,0,0,1
2,4,0.13953,1,156.187641427641,6.04199129777595,2.85589532836619,1.50407739677627,3.55534806148941,4.26422797389543,3.04927304048202,0,0,2.6673844650657,0,1,1,0,1,0,0,0
4,4,0.9,0.82895,0.0152169540477273,6.68461172766793,3.80666248977032,0.405465108108164,4.15888308335967,5.2040066870768,4.92725368515721,1,1,3.33677777218524,1,0,0,0,1,0,0,1
5,4,0.9,0.82895,0.0152169540477273,7.38647084882989,4.40671924726425,1.09861228866811,4.61512051684126,5.41164605185504,5.24174701505964,1,1,3.33677777218524,1,0,1,0,1,0,0,1
10,5,0.97847,0.98826,0.611824933642764,7.2152399787301,4.12568171753114,1.50407739677627,5.06890420222023,5.21493575760899,5.14166355650266,0,1,3.30638189629525,1,0,1,1,0,0,0,1
3,5,1,1,0.163875039592634,6.35610766069589,4.07753744390572,0.693147180559945,3.73766961828337,5.17048399503815,4.12713438504509,0,1,1.89201814984271,1,0,0,1,0,0,0,1
3,4,0.89868,0.82819,0.665768018182669,8.04430540699064,4.97673374242057,2.484906649788,5.23110861685459,6.04618944679723,5.06575459331733,0,0,1.57931646636294,0,1,0,0,1,0,0,0
5,4,0.89868,0.82819,1.79497130637797,7.26192709270275,3.40119738166216,1.09861228866811,4.29045944114839,5.87493073085203,5.17614973257383,0,0,1.57931646636294,1,0,1,0,1,0,0,1
6,4,0.89868,0.82819,14.1042372731868,6.76619171466035,3.71357206670431,1.09861228866811,4.14313472639153,4.95067295292357,4.31160417037734,0,1,1.57931646636294,0,0,1,0,1,0,0,1
3,4,0.89868,0.82819,14.1183123286608,6.8134445995109,4.26267987704132,1.09861228866811,3.80666248977032,5.0401940963378,4.64005458784159,0,1,1.57931646636294,0,0,1,0,1,0,0,1
6,4,0.9,0.82895,0.258294354996737,7.49108759353488,3.78328012953542,1.09861228866811,4.12713438504509,5.45318207710895,4.40366580977736,0,1,3.33677777218524,1,0,1,0,1,0,0,1
1,4,1,1,0.163875039592634,7.07749805356923,4.0943445622221,0.405465108108164,4.20469261939097,4.9416424226093,4.24849524204936,0,1,1.89201814984271,0,0,1,1,0,0,0,1
9,5,0.92308,0.76923,1.05181732310114,5.12396397940326,2.30258509299405,-0.693147180559945,3.43398720448515,3.68887945411394,2.99573227355399,1,0,1.43027586823015,0,1,1,1,0,0,0,1
12,5,0.79208,0.91287,0.826898063360482,6.95654544315157,3.73766961828337,1.38629436111989,4.70048036579242,5.50938833662798,5.04985600724954,0,0,3.41496513531955,1,0,1,1,0,0,0,1
0,4,0.79208,0.91287,0.189391678625567,6.86693328446188,4.0517849478033,1.09861228866811,4.67282883446191,5.30330490805908,4.30406509320417,1,1,3.41496513531955,0,1,1,1,0,0,0,1
4,4,1,1,0.163875039592634,5.96614673912369,3.13549421592915,0.215111379616945,4.61512051684126,4.00733318523247,3.8607297110406,0,1,1.89201814984271,1,0,1,1,0,0,0,1
6,4,0.9,0.82895,254.048234303496,7.5522372875608,4.34315586028489,3.43398720448515,5.47646355193151,5.7037824746562,7.01804363287626,0,1,3.33677777218524,0,0,1,0,1,0,0,1
2,5,0.9,0.82895,1.11603730586688,7.77904864492556,4.5827200571505,1.79175946922805,4.83628190695148,5.8171111599632,3.73766961828337,0,1,3.33677777218524,0,0,0,0,1,0,0,1
0,4,0.75969,0.41085,0.0752819026829323,6.51025834052315,3.76120011569356,0.693147180559945,3.89182029811063,5.01063529409626,3.95124371858143,1,0,3.21682069326526,1,0,1,1,0,0,0,1
5,4,1,1,0.200948379503054,7.46164039220858,4.24849524204936,0.810930216216329,4.58496747867057,5.13579843705026,4.78749174278205,1,1,1.89201814984271,0,1,1,1,0,0,0,1
8,4,0.92308,0.76923,0.757781780366892,7.95752740223077,4.70501552095781,2.14006616349627,5.4553211153577,6.18620862390049,4.47733681447821,0,0,1.43027586823015,1,0,0,1,0,0,0,1
5,4,0.75969,0.41085,0.826898063360482,5.35658627467201,2.23857976301813,0,2.77258872223978,4.33073334028633,3.16505301817069,0,1,3.21682069326526,0,1,1,1,0,0,0,0
5,4,0.92308,0.76923,0.0143013986994938,6.67076632084587,4.48863636973214,1.12492959698548,4.38202663467388,5.16478597392351,4.40415498674688,0,0,1.43027586823015,1,0,0,1,0,0,0,1
8,4,1,1,1.05181732310114,6.03548143252476,3.17805383034795,0,3.63758615972639,4.47733681447821,4.62497281328427,1,1,3.43870835807488,1,0,1,1,0,0,0,1
9,5,1,1,6.08552364469885,6.32793678372919,3.68887945411394,0,2.94443897916644,4.60517018598809,3.90197266957464,0,0,1.6676801824875,0,1,1,0,1,0,0,1
13,4,0.95349,0.95349,0.569203815531262,7.14440718032114,4.47733681447821,1.26976054486394,4.34380542185368,5.65424202909607,5.45958551414416,0,1,2.14042792817515,0,1,1,0,1,0,0,1
5,5,0.95349,0.95349,0.417631570168411,8.0925452638913,4.24132675257075,1.94591014905531,4.0943445622221,6.19031540585315,4.75359019110636,0,0,2.14042792817515,0,1,1,0,1,0,0,1
3,5,0.70707,0.79798,0.826898063360482,7.42416528104203,3.43398720448515,1.79175946922805,4.0943445622221,4.87519732320115,3.97029191355212,0,0,1.68597808156978,1,0,0,1,0,0,0,1
11,4,0.70707,0.79798,5.98192209037654,7.11069612297883,4.8941014778403,1.79175946922805,4.95582705760126,5.85220247977447,4.98360662170834,0,1,1.68597808156978,0,1,1,1,0,0,0,1
3,4.5,0.70707,0.79798,91.3414326868361,7.84698098213879,5.94803498918065,0.693147180559945,4.77068462446567,5.99396142730657,6.21860011969173,0,1,1.68597808156978,1,0,0,1,0,0,0,1
3,4,0.96,0.68,0.10003778666705,6.97914527506881,3.67630067190708,1.09861228866811,4.02535169073515,5.59734730769338,2.89037175789616,1,1,2.46452399928188,1,0,1,1,0,0,0,1
6,6,0.83784,0.93555,6.2645438808651,7.05617528410041,3.3603753871419,0.916290731874155,3.40119738166216,5.01992534100335,4.0943445622221,1,1,4.68377714064871,0,1,0,0,1,0,0,1
11,4,1,0.91742,0.163875039592634,6.89162589705225,4.23410650459726,0.693147180559945,4.15888308335967,5.29330482472449,5.23110861685459,1,1,4.73682000309973,0,1,1,1,0,0,0,1
8,5,0.95,0.95,0.0655753718622365,7.45587668749182,4.62497281328427,1.25276296849537,4.68213122712422,5.7037824746562,4.38202663467388,0,1,4.72478859586412,1,0,0,1,0,0,0,1
11,5,0.95,0.95,0.24881438289512,6.59578051396131,3.78418963391826,0.916290731874155,4.07753744390572,4.99043258677874,3.80666248977032,0,1,4.72478859586412,1,0,0,1,0,0,0,1
9,6,0.83784,0.93555,0.163875039592634,5.67675380226828,3.46573590279973,0,3.76120011569356,4.24849524204936,3.17805383034795,1,1,4.68377714064871,1,0,1,0,1,0,0,1
0,4,1,0.75,0.00988028281495825,7.4899708988348,3.25809653802148,1.6094379124341,5.31320597904179,6.27287700654617,5.4510384535657,1,1,4.726711957767,1,0,1,1,0,0,0,1
3,4,0.93121,0.9396,0.70452355973593,8.82702806850915,4.68213122712422,1.87180217690159,3.85014760171006,5.80685036425414,5.44241771052179,1,1,4.53763957000271,0,1,1,0,1,0,0,1
7,5,0.93121,0.9396,0.760275938000651,8.08332860878638,4.58496747867057,2.09924416897602,4.11087386417331,6.6623405560217,5.99893656194668,1,1,4.53763957000271,0,1,1,0,1,0,0,1
6,5,0.89836,0.82951,0.309652865485103,8.35184673882824,5.05942545826569,2.16905370036952,5.61312810638807,5.73979291217923,5.15329159449778,0,1,4.5013446646369,0,1,1,0,1,0,0,1
3,5,0.89836,0.82951,0.166182834240005,7.25541470499391,4.88280192258637,1.15057202759882,3.98898404656427,5.18178355029209,5.91350300563827,0,0,4.5013446646369,1,0,1,0,1,0,0,1
9,4,0.5,0.46948,0.127555240463586,8.17357548663415,5.31073988654659,2.07944154167984,4.87519732320115,6.40191719672719,6.39859493453521,0,1,4.52160355343312,0,1,0,1,0,0,0,1
5,4.5,0.5,0.46948,0.826898063360482,7.90285719128058,3.94158180766969,2.30258509299405,4.35670882668959,6.89365635460264,6.82437367004309,1,1,4.52160355343312,0,1,1,1,0,0,0,1
12,5,0.5,0.46948,0.163875039592634,7.56941179245071,4.86753445045558,1.38629436111989,4.4188406077966,5.52146091786225,5.46594820793199,0,1,4.52160355343312,0,1,1,1,0,0,0,1
3,4,0.95,0.95,0.216315923724812,6.39692965521615,3.83514196109219,0.693147180559945,4.20469261939097,5.17614973257383,3.91202300542815,0,1,4.72478859586412,1,0,0,1,0,0,0,1
4,4,1,1,0.163875039592634,6.84161547647759,4.17438726989564,0.693147180559945,4.00733318523247,5.13579843705026,5.11198778835654,0,1,3.43870835807488,1,0,1,1,0,0,0,1
5,5,0.95,0.95,0.826898063360482,6.73340189183736,3.73766961828337,1.38629436111989,4.66343909411207,5.41610040220442,4.75359019110636,1,1,4.72478859586412,0,1,1,1,0,0,0,1
11,5,0.95,0.9,0.83420603395456,8.03915739047324,4.77153172320332,1.98100146886658,5.23110861685459,6.11257537285704,4.15888308335967,0,1,4.50761092668201,1,0,0,1,0,0,0,1
9,5,0.95,0.9,0.826898063360482,7.7596141506969,3.74265715979441,1.38629436111989,4.91265488573605,5.42053499927229,4.97562968489744,1,1,4.50761092668201,1,0,1,1,0,0,0,1
9,4,0.93121,0.9396,0.0152169540477273,6.49072353450251,3.88156379794344,0.405465108108164,4.24849524204936,5.03043792139244,3.98898404656427,0,0,4.53763957000271,1,0,0,0,1,0,0,1
3,4,0.83784,0.93555,0.826898063360482,7.11639414409346,3.85014760171006,1.38629436111989,2.19722457733622,6.15909538849193,3.46573590279973,0,1,4.68377714064871,0,1,0,0,1,0,0,1
10,5,0.93121,0.9396,0.127555240463586,7.25841215059531,4.58496747867057,0.693147180559945,4.20469261939097,5.27811465923052,5.19849703126583,0,0,4.53763957000271,1,0,0,0,1,0,0,1
0,4,1,0.0005,0.163875039592634,8.05515773181968,5.54126354515843,1.79175946922805,4.90527477843843,5.96614673912369,5.01063529409626,0,1,4.57471145102462,1,0,0,1,0,0,0,1
4,5,0.92308,0.76923,0.826898063360482,6.71174039505618,3.1267605359604,0.693147180559945,3.68887945411394,5.63478960316925,3.93182563272433,1,1,1.43027586823015,1,0,1,1,0,0,0,1
11,4,0.93,1,27.3756662091553,7.20340552108309,4.49980967033027,1.38629436111989,4.91265488573605,5.47227067367148,5.37527840768417,0,1,4.5070889756265,0,1,0,0,1,0,0,1
8,4,0.89868,0.82819,5.37234260403908,6.56526497003536,3.98898404656427,1.38629436111989,4.47733681447821,5.8171111599632,5.26785815906333,1,1,1.57931646636294,1,0,1,0,1,0,0,1
4,5,1,0.75,84.8143015411651,5.88610403145016,3.49650756146648,0.916290731874155,3.52636052461616,4.47733681447821,3.54385368206368,0,1,4.726711957767,0,1,1,1,0,0,0,0
5,4,0.89868,0.82819,0.00988028281495825,6.77992190747225,4.43081679884331,0.916290731874155,4.27666611901606,5.21493575760899,4.00733318523247,0,0,1.57931646636294,1,0,0,0,1,0,0,1
12,4,0.5,0.46948,3.25087404633874,7.73805229768932,3.89182029811063,1.79175946922805,5.39362754635236,6.19440539110467,5.75795495354459,1,1,4.52160355343312,0,1,0,1,0,0,0,1
7,5,0.85185,0.41667,0.611824933642764,6.96602418710611,4.23410650459726,1.50407739677627,4.40671924726425,5.68017260901707,4.86753445045558,0,0,4.51071876573724,0,1,0,1,0,0,0,1
6,4,0.77481,0.80916,0.163875039592634,6.5792512120101,4.17438726989564,0.693147180559945,4.38202663467388,5.11198778835654,3.78418963391826,1,0,4.46208159765978,1,0,0,1,0,0,0,1
9,4,0.85185,0.41667,0.258294354996737,6.24222326545517,3.68837932907225,0.405465108108164,3.61091791264422,5.09375020080676,3.66356164612965,1,1,4.45864839497286,0,1,0,1,0,0,0,0
9,5,0.5,0.46948,0.169417760762909,6.88550967003482,3.8177123259569,0.262364264467491,4.07753744390572,5.06259503302697,4.04305126783455,0,0,4.52160355343312,0,1,1,1,0,0,0,1
0,4,0.93,1,0.163875039592634,6.26149168432104,4.41279829334063,1.09861228866811,4.52178857704904,5.77455154554441,4.68518212395748,1,1,4.50210842418452,1,0,1,0,1,0,0,1
6,4,1,0.0005,0.0326881299426472,6.93342302573071,4.06044301054642,0.559615787935423,4.24849524204936,4.9416424226093,4.31748811353631,0,0,4.77260997139077,1,0,0,1,0,0,0,1
7,4,0.89923,0.82908,0.134652507635641,7.44926528487912,4.53742653390157,1.57484646766448,5.31320597904179,5.84643877505772,4.34380542185368,0,0,4.76767093995644,0,1,0,1,0,0,0,1
9,4,1,0.0005,40.6190390768929,6.08677472691231,1.32175583998232,0.693147180559945,3.49650756146648,4.26267987704132,3.39282913199164,0,0,4.57471145102462,1,0,1,1,0,0,0,1
7,3.5,0.91026,0.64103,0.163875039592634,7.15461535691366,3.95124371858143,0.693147180559945,3.95124371858143,5.52146091786225,4.00733318523247,0,0,4.53071829042679,1,0,0,0,1,0,0,1
10,5,0.05014,0.89973,0.00988028281495825,7.1066061377273,4.44265125649032,0.916290731874155,4.38202663467388,5.68017260901707,3.85014760171006,0,1,4.44815397447852,0,1,1,0,1,0,0,1
9,5,0.05014,0.89973,0.0752819026829323,6.46925031679577,1.38629436111989,1.38629436111989,4.78749174278205,5.74300318780948,4.95582705760126,0,1,4.44815397447852,1,0,0,0,1,0,0,1
1,5,0.8,0.91667,0.340754892287702,7.99294454731811,4.75359019110636,2.06305806242931,4.89034912822175,5.86808148553527,4.60517018598809,1,1,4.46401995062351,0,1,1,1,0,0,0,1
8,5,0.91026,0.64103,0.0152169540477273,7.36391350140582,4.53259949315326,1.09861228866811,4.26267987704132,5.6937321388027,5.36129216570943,0,1,4.53071829042679,0,1,0,0,1,0,0,1
9,4,1,0.0005,0.163875039592634,6.62007320653036,4.70048036579242,1.38629436111989,4.88280192258637,5.56068163101553,4.12713438504509,1,0,4.57471145102462,1,0,0,1,0,0,0,0
6,4,1,0.0005,0.163875039592634,7.15461535691366,3.77505715035499,0.693147180559945,4.12713438504509,4.85203026391962,4.97673374242057,0,1,4.57471145102462,1,0,0,1,0,0,0,1
5,4,0.89836,0.82951,0.826898063360482,6.73101810048208,3.25809653802148,1.79175946922805,3.98898404656427,6.41673228251233,3.80666248977032,0,1,4.5013446646369,1,0,1,0,1,0,0,1
8,4,0.89868,0.82819,0.586675408413439,6.4377516497364,3.09104245335832,0.810930216216329,3.87120101090789,4.25802115470276,4.42484663185681,1,0,1.57931646636294,0,1,1,0,1,0,0,1
15,6,0.8,0.8,0.163875039592634,6.40522845803084,3.62434093297637,0.693147180559945,4.29045944114839,3.63758615972639,3.40119738166216,0,1,4.38448825431871,0,1,1,0,1,0,0,1
0,4,1,0.0005,0.993258435510223,6.87729607149743,4.29045944114839,0.405465108108164,4.45434729625351,4.88280192258637,4.06044301054642,0,1,4.57471145102462,0,1,1,1,0,0,0,1
8,4,0.9,0.82895,1.05181732310114,4.78749174278205,2.19722457733622,-1.38629436111989,2.94443897916644,3.82078452499387,3.25848107946056,0,0,3.33677777218524,0,1,1,0,1,0,0,0
2,4,0.9,0.82895,0.0152169540477273,7.4121603349452,4.55387689160054,1.09861228866811,4.48863636973214,5.73009978297357,5.27811465923052,1,1,3.33677777218524,1,0,0,0,1,0,0,1
2,3.75,0.9,0.82895,0.163875039592634,5.25227342804663,3.27714473299218,-0.693147180559945,3.40119738166216,4.36944785246702,2.35137525716348,0,1,3.33677777218524,0,1,1,0,1,0,0,1
7,4,1,0.0005,0.00988028281495825,7.539027055824,4.46820433091493,1.6094379124341,5.17048399503815,5.8406416573734,5.34710753071747,1,1,4.57471145102462,1,0,1,1,0,0,0,1
9,4,1,0.0005,0.163875039592634,6.90775527898214,4.83628190695148,1.38629436111989,4.60517018598809,5.4553211153577,4.64439089914137,0,1,4.57471145102462,1,0,1,1,0,0,0,1
5,4,1,0.0005,7.3661534088766,7.44307837434852,3.46885603013597,1.25276296849537,3.97029191355212,4.54616300540806,3.2188758248682,0,0,4.57471145102462,1,0,1,1,0,0,0,1
13,5,1,0.88049,7.54854953057951,7.70165236264223,4.49088103958596,2.19722457733622,5.55295958492162,6.58617165485467,5.99645208861902,1,1,4.73007119734193,1,0,1,0,1,0,0,1
5,4,0.83065,0.91331,11.1610854498334,4.78749174278205,2.89037175789616,0.810930216216329,3.58351893845611,4.43081679884331,3.60304919750874,1,1,4.72076781056428,0,0,1,0,1,0,0,0
4,4,0.91026,0.64103,0.389305883325925,6.3456363608286,3.80666248977032,0.559615787935423,4.02535169073515,4.89783979995091,4.47733681447821,0,1,4.53071829042679,0,1,1,0,1,0,0,1
3,4,0.91026,0.64103,0.0593762770986817,7.11558212618445,4.17438726989564,0.636576829071551,3.98898404656427,5.37063802812766,4.95229971708329,1,1,4.53071829042679,0,1,1,0,1,0,0,1
8,6,0.89941,0.71006,0.258294354996737,7.32251043399739,3.25809653802148,1.79175946922805,4.53259949315326,4.68213122712422,3.40119738166216,0,1,4.39281718138325,0,1,0,0,1,0,0,1
9,5,0.89941,0.71006,0.826898063360482,7.90100705199242,4.52720864451838,1.38629436111989,4.93447393313069,5.38449506278909,5.52942908751142,1,1,4.42496028220719,1,0,0,0,1,0,0,1
12,0,0,0.61538,0.638825744653777,7.539027055824,4.28358656186063,1.44456326924387,4.64439089914137,5.59842195899838,4.49980967033027,0,0,4.45913065389902,0,1,0,1,0,0,0,1
5,4,0.83065,0.91331,0.826898063360482,6.92951677076365,3.96081316959758,1.38629436111989,4.18965474202643,4.99043258677874,4.69373036296757,0,1,4.72076781056428,1,0,1,0,1,0,0,1
12,4,0.83065,0.91331,0.643099102854224,6.19440539110467,3.2188758248682,0.792992515529661,3.91202300542815,5.22143632221208,4.45248509832244,1,1,4.72076781056428,0,1,1,0,1,0,0,1
8,4,0.95,0.9,0.00988028281495825,7.76556908109732,4.23410650459726,1.6094379124341,4.57471097850338,5.92425579741453,6.08221891037645,0,1,4.50761092668201,1,0,0,1,0,0,0,1
6,4,1,1,1.05181732310114,7.05185562295589,4.27666611901606,1.09861228866811,4.68213122712422,4.75359019110636,5.16478597392351,0,1,4.41408932464428,0,1,1,0,1,0,0,1
6,4,1,1,0.0152169540477273,6.40357419793482,4.0943445622221,0.405465108108164,3.91202300542815,4.80402104473326,4.02535169073515,0,0,4.34538766857402,0,1,1,1,0,0,0,0
5,4,0.89855,0.71014,0.826898063360482,7.48436864328613,3.80666248977032,1.38629436111989,4.80402104473326,5.55295958492162,5.39362754635236,0,1,4.36780883141885,1,0,0,1,0,0,0,0
4,5,0.70721,0.67568,6.08552364469885,7.24422751560335,4.27666611901606,0.693147180559945,4.36944785246702,4.43081679884331,3.68887945411394,0,1,4.6725374389478,0,1,1,1,0,0,0,0
2,5,0.89928,0.70863,0.163875039592634,7.53583046279837,4.35670882668959,1.09861228866811,3.49650756146648,4.77068462446567,3.52636052461616,0,1,4.67616347482071,0,1,1,1,0,0,0,0
6,3.2,0.75097,0.95331,0.163875039592634,7.20785987143248,4.0943445622221,0.693147180559945,4.18965474202643,4.39444915467244,4.15888308335967,0,1,4.63716874795943,0,1,1,1,0,0,0,0
3,4,0.84348,0.85217,1.05181732310114,5.39362754635236,1.50407739677627,-0.693147180559945,1.94591014905531,4.04305126783455,2.11625551480255,0,1,4.58834963998122,0,1,0,1,0,0,0,0
10,4,0.84348,0.85217,1.05181732310114,4.969813299576,1.87180217690159,-1.38629436111989,2.63905732961526,3.46573590279973,2.70805020110221,1,1,4.58834963998122,0,1,0,1,0,0,0,0
16,4,0.05,0.85,1.05181732310114,5.8171111599632,2.89037175789616,-0.59783700075562,3.58351893845611,4.24849524204936,3.91202300542815,0,0,4.52230779886012,0,1,1,1,0,0,0,0
3,4,1,1,0.163875039592634,6.8501261661455,3.77505715035499,0.693147180559945,4.43081679884331,4.70048036579242,3.13549421592915,0,1,4.60843136083867,1,0,1,1,0,0,0,0
6,3.42,1,1,0.163875039592634,6.03068526026126,3.48124008933569,0,3.73766961828337,4.43081679884331,2.30258509299405,0,1,4.60843136083867,0,1,1,1,0,0,0,0
4,4,1,0.91742,0.163875039592634,6.3500127354284,4.34536265030229,1.09861228866811,4.11087386417331,4.69391339582248,4.08092154188996,0,1,4.73682000309973,0,1,0,1,0,0,0,0
3,3.5,1,1,0.163875039592634,7.539027055824,4.14313472639153,0.693147180559945,4.15888308335967,5.45958551414416,4.31748811353631,0,0,4.6784775479118,0,1,1,1,0,0,0,0
0,5,0.70721,0.67568,0.993258435510223,8.03786623470962,4.42604352009066,1.09861228866811,4.72738781871234,5.39362754635236,4.60266705576997,0,1,4.6725374389478,1,0,1,1,0,0,0,0
2,5,0.70721,0.67568,1.05181732310114,6.76157276880406,3.52636052461616,0.693147180559945,4.33073334028633,4.44851637594271,4.51633897228148,0,1,4.6725374389478,1,0,1,1,0,0,0,0
5,4,1,1,0.163875039592634,6.91968384984741,3.95124371858143,0.693147180559945,4.43081679884331,4.89034912822175,3.85651029549789,0,1,3.43870835807488,0,1,0,1,0,0,0,0
2,5,0.91241,0.81387,0.267419283812096,5.88610403145016,2.89037175789616,-0.478035800943,3.2188758248682,4.23410650459726,3.04452243772342,0,0,4.47477064492733,1,0,0,1,0,0,0,0
6,4,0.91241,0.81387,0.163875039592634,7.24422751560335,4.17438726989564,0.693147180559945,3.97029191355212,4.85203026391962,3.73766961828337,0,0,4.47477064492733,1,0,0,1,0,0,0,0
9,5,0.91241,0.81387,0.163875039592634,7.17472430983638,4.20469261939097,0.693147180559945,4.0943445622221,4.92725368515721,3.95124371858143,0,0,4.47477064492733,1,0,0,1,0,0,0,0
6,4,1,0.0005,0.163875039592634,7.27517231945277,3.7716108517114,0.693147180559945,4.38202663467388,4.77068462446567,2.89037175789616,0,1,4.57471145102462,1,0,1,1,0,0,0,0
3,4,0.2,0.9,0.163875039592634,6.50279004591562,4.14313472639153,0.693147180559945,4.31748811353631,5.48063892334199,5.00394630594546,0,1,4.45633104006813,1,0,0,1,0,0,0,0
6,4,0.9,0.95,0.826898063360482,6.44571981938558,3.74644056463847,0.693147180559945,3.91202300542815,4.74493212836325,3.66612246699132,0,1,4.5349406592249,1,0,1,1,0,0,0,0
10,5,0.9,0.95,0.163875039592634,6.05443934626937,3.29953372788566,0,3.71357206670431,4.35670882668959,3.66356164612965,0,0,4.5349406592249,0,1,1,1,0,0,0,0
5,4,0.2,0.9,0.163875039592634,7.36770857237437,4.35670882668959,1.09861228866811,4.58496747867057,5.33753807970132,5.00394630594546,0,1,4.45633104006813,1,0,0,1,0,0,0,0
9,5,0.89923,0.82908,0.163875039592634,7.07326971745971,3.66356164612965,1.09861228866811,4.11087386417331,5.73334127689775,3.40119738166216,1,1,4.76767093995644,1,0,0,1,0,0,0,0
8,4,1,0.0005,0.189391678625567,6.52795791762255,3.85312189750799,1.09861228866811,4.24849524204936,4.94875989037817,4.02445843475793,0,1,4.57471145102462,1,0,0,1,0,0,0,0
9,4,0.92308,0.76923,0.163875039592634,6.26909628370626,4.07753744390572,0.693147180559945,3.87120101090789,4.60517018598809,3.71357206670431,0,0,1.43027586823015,1,0,1,1,0,0,0,0
3,0,0.83065,0.91331,17.8195752014879,5.56068163101553,2.52572864430826,0.693147180559945,3.3322045101752,4.14313472639153,3.39148368947452,1,1,4.72076781056428,0,1,1,0,1,0,0,0
0,4,1,1,0.163875039592634,5.30330490805908,2.94443897916644,0,3.61091791264422,4.15888308335967,3.68887945411394,0,1,1.89201814984271,0,1,1,1,0,0,0,0
6,4,0.93121,0.9396,1.8213971046914,7.10906213568717,3.71965111278069,1.25276296849537,4.62497281328427,5.17897060891547,3.8286413964891,0,0,4.53763957000271,0,1,0,0,1,0,0,0
12,3.5,0.83784,0.93555,0.826898063360482,7.43838353004431,4.5485998344997,1.38629436111989,5.05624580534831,5.90808293816893,5.11799381241676,0,0,4.68377714064871,0,1,0,0,1,0,0,0
0,4,0.89868,0.82819,5.37234260403908,6.80239476332431,3.97968165390196,1.38629436111989,4.27666611901606,5.01727983681492,4.75359019110636,1,1,1.57931646636294,1,0,1,0,1,0,0,0
4,5,0.89868,0.82819,0.826898063360482,7.2152399787301,3.49650756146648,1.09861228866811,4.48863636973214,5.74139933822751,4.78289787377182,1,1,1.57931646636294,0,1,1,0,1,0,0,0
5,4,0.86667,0.86667,0.826898063360482,6.49978704065585,2.86220088092947,0.693147180559945,3.17805383034795,5.15329159449778,3.61091791264422,0,0,4.60945349442172,1,0,1,1,0,0,0,0
4,4,1,0.8,0.163875039592634,6.36302810354046,3.55534806148941,0.693147180559945,4.00733318523247,4.60517018598809,4.20469261939097,0,1,4.67377727089933,1,0,0,1,0,0,0,0
11,4,0.69803,0.39825,0.0152169540477273,7.30249642372733,4.46590811865458,1.09861228866811,4.26267987704132,5.52545293913178,4.37575702166029,0,1,4.62742238742545,0,1,0,0,0,1,0,0
11,4,0.69803,0.39825,0.163875039592634,6.98100574072173,4.29045944114839,0.693147180559945,4.30406509320417,5.01063529409626,5.10594547390058,0,1,4.62742238742545,1,0,1,0,0,1,0,0
8,4,0.69803,0.39825,0.163875039592634,6.86901445066571,4.23410650459726,0.693147180559945,4.29045944114839,5.01727983681492,4.90527477843843,0,1,4.62742238742545,1,0,1,0,0,1,0,0
2,4,0.978,0.978,0.792261730303075,8.66388757056704,6.19908828676416,3.04452243772342,6.18208490671663,7.57327429242461,6.14418563412565,0,1,4.36398454434301,0,1,0,1,0,0,0,0
6,5,0.95455,0.90909,0.115719278759971,7.73193072194849,4.9172033493037,1.50407739677627,4.24849524204936,6.15485809401642,4.14313472639153,1,1,4.6623009766471,0,1,0,1,0,0,0,0
6,5,0.92308,0.86538,0.163875039592634,6.85646198459459,4.06044301054642,0.693147180559945,4.00733318523247,4.8283137373023,4.48074010760991,0,0,4.57753304234236,0,1,1,1,0,0,0,0
4,5,0.92308,0.86538,0.826898063360482,5.99146454710798,2.63905732961526,0,3.36729582998647,4.35670882668959,3.63758615972639,1,0,4.57753304234236,0,1,1,1,0,0,0,0
3,4,1,1,0.163875039592634,7.27239839257005,4.24849524204936,0.693147180559945,4.15888308335967,4.82028156560504,3.91202300542815,0,1,4.50198526498477,0,1,0,0,0,1,0,0
6,5,1,0.8,0.0152169540477273,6.25382881157547,3.13549421592915,-0.287682072451781,3.73766961828337,4.71402459090017,3.13549421592915,0,1,4.67377727089933,1,0,0,1,0,0,0,0
14,5,1,1,0.163875039592634,7.23273313617761,3.46573590279973,0.693147180559945,4.29045944114839,5.11799381241676,4.89783979995091,0,1,4.50198526498477,1,0,1,0,0,1,0,0
12,5,0.978,0.978,0.826898063360482,6.62007320653036,1.39871688111845,0.693147180559945,4.52178857704904,4.52178857704904,4.31748811353631,0,1,4.36398454434301,1,0,1,1,0,0,0,0
11,5,0.95455,0.90909,0.826898063360482,6.73578001424233,1.39871688111845,0.693147180559945,4.56434819146784,4.52178857704904,4.31748811353631,0,1,4.6623009766471,1,0,1,1,0,0,0,0
7,5,0.77037,0.83704,0.0859627311930423,7.24208235925696,3.40119738166216,1.09861228866811,4.85981240436167,5.80513496891649,5.52046041752866,0,1,4.5635642053728,0,1,1,0,0,1,0,0
9,5,0.77037,0.83704,2.01456181810891,7.10002716662926,3.3499040872746,0.916290731874155,4.59511985013459,5.57594910314632,5.12989871492307,1,1,4.5635642053728,0,1,1,0,0,1,0,0
9,4,0.87336,1,0.0152169540477273,7.61726781362835,4.49980967033027,1.09861228866811,4.70048036579242,5.74300318780948,5.46383180502561,0,1,4.50240114334682,0,1,0,0,0,1,0,0
4,5,0.83333,0.83333,10.6312474162136,7.07496319796604,3.40119738166216,-0.653926467406664,3.09104245335832,4.57471097850338,3.68762867221228,0,0,4.52155458188123,0,1,1,1,0,0,0,0
2,0,0,0.66667,1.05181732310114,6.06145691892802,2.56494935746154,0.693147180559945,3.61091791264422,5.51745289646471,4.02535169073515,0,1,4.54359099927556,1,0,0,0,0,1,0,0
11,4,0.71429,0.57143,0.0859627311930423,7.02108396428914,3.31418600467253,1.09861228866811,4.0943445622221,5.4553211153577,3.98898404656427,0,1,2.64231146171943,1,0,0,0,0,1,0,0
11,4,0.84973,0.81967,0.163875039592634,7.01750614294126,4.18205014264121,0.693147180559945,4.45434729625351,5.14749447681345,4.44265125649032,0,1,4.26240421174003,1,0,1,0,0,1,0,0
15,4,1,1,0.163875039592634,6.93731408122368,4.74493212836325,0.693147180559945,4.23410650459726,5.41610040220442,4.1018165770608,0,1,4.34538766857402,0,1,1,1,0,0,0,0
9,4,0.95455,0.90909,0.0152169540477273,6.62804137617953,3.74950407593037,0.405465108108164,4.0943445622221,5.36597601502185,4.56434819146784,0,0,4.6623009766471,0,1,1,1,0,0,0,0
9,4,0.95455,0.90909,0.0152169540477273,6.75227037614174,3.72569342723665,0.405465108108164,4.33073334028633,5.23644196282995,4.56434819146784,0,0,4.6623009766471,0,1,1,1,0,0,0,0
4,5,0.83333,0.83333,1.05181732310114,4.60517018598809,1.6094379124341,-1.38629436111989,2.484906649788,3.96081316959758,1.6094379124341,0,0,4.52155458188123,0,1,0,1,0,0,0,0
8,4,1,1,0.163875039592634,6.5792512120101,3.08190996979504,0,4.48863636973214,4.45434729625351,4.31748811353631,0,1,4.60843136083867,1,0,1,1,0,0,0,0
6,5,0.91837,0.8,0.258294354996737,7.32514895795557,3.76120011569356,2.19722457733622,3.73766961828337,5.66296048013595,4.14313472639153,0,0,4.2824009401877,1,0,1,1,0,0,0,0
8,5,0.91837,0.8,0.163875039592634,7.47647238116391,3.93182563272433,1.09861228866811,3.8286413964891,4.63229885337634,3.68887945411394,0,1,4.2824009401877,0,1,0,1,0,0,0,0
6,0,0.1875,0.2,0.127555240463586,7.42297125104942,4.68213122712422,1.38629436111989,4.35670882668959,5.97380961186926,5.28573858434118,0,1,4.30219738231023,1,0,0,1,0,0,0,0
9,5,0.1875,0.2,1.05181732310114,6.64639051484773,2.99573227355399,0.693147180559945,3.66356164612965,5.90263333340137,5.08140436498446,0,1,4.30219738231023,1,0,0,1,0,0,0,0
9,5,0.91837,0.8,0.163875039592634,6.26339826259162,3.11351530921037,0,3.89182029811063,4.23410650459726,2.07944154167984,1,1,4.2824009401877,0,1,1,1,0,0,0,0
6,4,0.1875,0.2,0.826898063360482,7.44716835960004,4.49980967033027,1.38629436111989,4.56434819146784,5.37527840768417,5.19295685089021,1,1,4.30219738231023,0,1,0,1,0,0,0,0
4,3.5,0.84507,0.84789,0.163875039592634,6.25862498383897,4.02535169073515,-0.198450938723838,3.93182563272433,4.49980967033027,2.89037175789616,0,1,4.43847862935181,0,1,0,1,0,0,0,0
7,3.4,0.84507,0.84789,0.163875039592634,5.91350300563827,4.12713438504509,-0.198450938723838,4.0943445622221,4.56434819146784,2.83321334405622,1,1,4.43847862935181,0,1,0,1,0,0,0,0
8,4,1,1,0.163875039592634,7.24422751560335,4.31748811353631,0.693147180559945,4.62497281328427,4.83628190695148,4.03600898520914,0,1,4.6784775479118,1,0,0,1,0,0,0,0
9,5,0.91837,0.8,1.05181732310114,5.73009978297357,3.52636052461616,0,3.36729582998647,5.04985600724954,4.17438726989564,1,1,4.2824009401877,1,0,1,1,0,0,0,0
0,4,1,1,0.0893582908897605,7.46851327149634,4.49980967033027,1.25276296849537,4.66343909411207,5.50533153593236,3.87120101090789,0,1,4.6784775479118,0,1,1,1,0,0,0,0
7,5,0.77037,0.83704,0.258294354996737,8.25009775257285,4.42723897749543,1.79175946922805,5.25227342804663,5.4553211153577,5.48063892334199,1,0,4.41751995021166,1,0,1,0,1,0,0,0
9,3,0.6,0.88889,0.163875039592634,7.11963563801764,3.49650756146648,0.693147180559945,4.30406509320417,5.17048399503815,4.80402104473326,0,1,1.03233392287341,1,0,1,0,0,1,0,0
10,3,0.93168,0.96273,0.163875039592634,6.78671695060508,3.19867311755068,0,3.36729582998647,4.63472898822964,3.98898404656427,0,1,3.80526914233753,1,0,1,0,0,1,0,0
6,4,0.77037,0.83704,0.0152169540477273,7.24422751560335,4.44265125649032,1.09861228866811,4.39444915467244,5.52545293913178,5.427150238391,0,1,4.41751995021166,1,0,1,0,1,0,0,0
9,4,0.85714,0.98571,0.0152169540477273,7.25417784645652,4.17438726989564,1.09861228866811,4.51085950651685,5.66296048013595,5.47227067367148,0,1,3.23426067222652,0,1,1,0,0,1,0,0
12,4,0.85039,0.90551,0.0152169540477273,6.59167373200866,4.06044301054642,0.405465108108164,4.06044301054642,4.91632461462501,4.55912624748668,0,1,4.38734570114827,0,1,0,0,0,1,0,0
9,5,0.77037,0.83704,1.05181732310114,6.69703424766648,3.68887945411394,0.405465108108164,3.2188758248682,4.86753445045558,3.2188758248682,0,0,4.5635642053728,0,0,0,0,0,1,0,0
6,4,0.93168,0.96273,0.163875039592634,7.1777824161952,3.8448142557347,1.38629436111989,4.0943445622221,6.19440539110467,4.9416424226093,1,1,3.80526914233753,1,0,1,0,0,1,0,0
0,4,0.93168,0.96273,0.163875039592634,6.42971947803914,3.97029191355212,0,3.73766961828337,4.86753445045558,3.91202300542815,0,0,3.80526914233753,1,0,1,0,0,1,0,0
8,4,0.93168,0.96273,0.163875039592634,6.67959918584438,4.43081679884331,0.693147180559945,3.87120101090789,5.29330482472449,4.86753445045558,1,1,3.80526914233753,1,0,1,0,0,1,0,0
7,4,0.85714,0.98571,0.163875039592634,7.64969262371151,4.86753445045558,1.38629436111989,4.74493212836325,5.62040086571715,4.27666611901606,0,1,3.23426067222652,0,1,1,0,0,1,0,0
8,5,0.84926,0.81104,0.0752819026829323,7.4730690880322,4.51305489708029,1.38629436111989,4.67282883446191,5.59842195899838,4.44265125649032,0,1,4.42662246365464,1,0,1,0,1,0,0,0
6,4,0.75969,0.41085,0.826898063360482,7.22983877815125,3.71357206670431,1.38629436111989,4.52178857704904,5.56452040732269,4.91265488573605,0,0,3.21682069326526,1,0,1,1,0,0,0,0
6,4,0.75969,0.41085,0.826898063360482,6.77992190747225,3.61091791264422,1.09861228866811,4.23410650459726,5.14749447681345,4.25277179881662,0,1,3.21682069326526,1,0,1,1,0,0,0,0
6,4,0.75969,0.41085,0.826898063360482,5.59842195899838,2.77258872223978,0,3.87120101090789,4.26464976652031,4.29045944114839,0,0,3.21682069326526,0,1,1,1,0,0,0,0
12,4,0.90747,0.84578,0.163875039592634,7.15461535691366,4.51085950651685,1.09861228866811,4.45434729625351,5.16478597392351,4.1018165770608,1,0,3.87768654821989,0,1,1,0,0,0,1,0
6,5,0.90747,0.84578,0.163875039592634,5.41610040220442,3.44998754583159,0,3.61091791264422,4.14313472639153,3.80109144472086,0,0,3.87768654821989,0,1,0,0,0,0,1,0
6,5,0.77037,0.83704,0.611824933642764,7.58781721999343,4.70637206649706,1.50407739677627,4.79579054559674,5.59842195899838,3.13549421592915,0,1,4.41751995021166,0,1,0,0,1,0,0,0
11,4,0.41818,1,0.163875039592634,7.46164039220858,4.20469261939097,0.693147180559945,4.40671924726425,5.04985600724954,4.80402104473326,0,1,4.45949813934108,1,0,1,0,0,1,0,0
7,4,0.6,0.88889,0.163875039592634,5.2257466737132,3.48124008933569,0,3.40119738166216,4.31748811353631,4.06044301054642,0,1,1.03233392287341,0,1,0,0,0,1,0,0
0,3,0.9,1,0.0152169540477273,5.88610403145016,3.74950407593037,0.405465108108164,3.87120101090789,4.61015772749913,3.29583686600433,1,1,4.38654558772371,0,1,0,0,0,1,0,0
6,5,0.77037,0.83704,0.826898063360482,7.3362856600213,3.8286413964891,1.6094379124341,3.87120101090789,5.63478960316925,4.26267987704132,0,0,4.41751995021166,0,1,0,0,1,0,0,0
6,5,0.93,1,0.258294354996737,7.0833878476253,2.97552956623647,0.405465108108164,4.51085950651685,4.7361984483945,4.26267987704132,0,1,4.33982212005807,1,0,1,1,0,0,0,0
6,5,0.93,1,1.05181732310114,5.74300318780948,1.09861228866811,-0.693147180559945,3.25809653802148,5.10594547390058,4.19720194766181,0,1,4.33982212005807,1,0,1,1,0,0,0,0
0,4,1,0.0005,1.05181732310114,5.17048399503815,0.27763173659828,-0.693147180559945,2.77258872223978,2.4423470353692,3.3322045101752,1,1,4.57471145102462,1,0,1,1,0,0,0,0
0,5,1,1,0.163875039592634,7.32646561384032,4.04305126783455,1.09861228866811,4.56434819146784,5.62040086571715,5.16763904290592,1,1,1.89201814984271,1,0,0,1,0,0,0,0
9,5,1,0.75,18.7719709160059,4.969813299576,2.484906649788,-0.287682072451781,2.99573227355399,4.04305126783455,3.69635146895264,1,0,4.726711957767,0,1,1,1,0,0,0,0
10,5,0.92308,0.76923,1.05181732310114,6.8134445995109,2.99573227355399,0,3.58351893845611,4.43081679884331,3.52636052461616,0,0,1.43027586823015,1,0,0,1,0,0,0,0
9,4,1,1,0.826898063360482,6.20657592672493,1.7404661748405,1.38629436111989,3.97029191355212,5.35658627467201,3.35235721624268,1,1,1.89201814984271,0,1,1,1,0,0,0,0
4,4,1,0.0005,0.24881438289512,6.30991827822652,3.40119738166216,0.22314355131421,3.68887945411394,2.19722457733622,3.2188758248682,1,1,4.57471145102462,0,1,0,1,0,0,0,0
4,4,1,0.75,0.163875039592634,6.53355625274797,3.71357206670431,0.693147180559945,4.04305126783455,4.81218435537242,3.85014760171006,0,1,4.726711957767,1,0,0,1,0,0,0,0
8,4,1,0.0005,0.258294354996737,6.07764224334903,4.06474409244581,1.09861228866811,4.62497281328427,5.2257466737132,3.85014760171006,0,1,4.57471145102462,0,1,0,1,0,0,0,0
6,4,1,0.0005,0.826898063360482,6.02586597382531,3.14630513203337,0.693147180559945,4.02535169073515,4.89034912822175,3.04452243772342,0,1,4.57471145102462,0,1,0,1,0,0,0,0
6,4,0.2,0.9,0.163875039592634,7.59287028784482,4.49980967033027,1.38629436111989,4.18965474202643,5.43372200355424,5.28320372873799,0,1,4.45633104006813,1,0,0,1,0,0,0,0
10,4,0.94915,0.94237,0.0152169540477273,6.92362862813843,3.89182029811063,0.405465108108164,3.78418963391826,4.88280192258637,4.63957161270542,0,1,4.28195389322631,1,0,1,1,0,0,0,0
2,5,0.94915,0.94237,0.887376782345711,7.28756064030972,4.20469261939097,1.44691898293633,4.78749174278205,5.44673737166631,4.43081679884331,0,0,4.28195389322631,0,1,1,1,0,0,0,0
9,4,0,0.66667,0.826898063360482,7.58069975222456,3.8286413964891,1.79175946922805,3.71357206670431,6.68835471394676,4.61512051684126,0,1,4.54359099927556,0,1,1,0,0,1,0,0
9,4,0.96154,0.76923,0.163875039592634,8.04044688130311,4.45434729625351,1.38629436111989,5.07517381523383,6.03068526026126,5.83188247728352,1,0,4.3233474088078,1,0,1,0,0,1,0,0
12,4,1,0.78125,0.163875039592634,7.95437227253187,4.45434729625351,1.38629436111989,4.969813299576,6.04500531403601,6.0330862217988,1,1,4.38920543896039,1,0,1,0,0,1,0,0
9,4,0.93333,0.83333,0.163875039592634,7.68156036255954,4.17438726989564,0.693147180559945,4.43081679884331,5.35658627467201,5.08759633523238,0,1,4.26620820453727,1,0,1,0,0,1,0,0
9,5,0.92308,0.86538,0.826898063360482,6.42162226780652,3.49650756146648,0.693147180559945,4.07753744390572,4.98360662170834,4.15888308335967,0,1,4.57753304234236,0,1,1,1,0,0,0,0
6,5,0.290645,0.322903,18.4705358823664,7.06902342657826,6.62007320653036,0.22314355131421,4.46590811865458,4.98360662170834,4.9464167217696,0,1,4.35684715411768,1,0,1,0,0,1,0,0
11,4,1,0.78125,0.0152169540477273,6.99759598298193,3.93182563272433,0.405465108108164,4.0943445622221,4.95582705760126,4.98360662170834,0,1,4.38920543896039,0,1,1,0,0,1,0,0
6,5,0.19048,0.16667,6.08552364469885,6.22257626807137,2.30258509299405,0.405465108108164,2.77258872223978,5.04342511691925,5.3890717298165,0,0,4.31279625424377,0,1,1,1,0,0,0,0
2,5,0.19048,0.16667,1.05181732310114,6.86693328446188,4.0943445622221,0.405465108108164,3.25809653802148,5.59842195899838,4.31147004121075,0,1,4.31279625424377,1,0,0,1,0,0,0,0
3,3.5,0.82116,0.8539,0.826898063360482,6.4425401664682,4.14313472639153,1.38629436111989,3.95124371858143,5.73657229747919,4.02535169073515,0,0,4.3536246462852,0,1,1,0,0,0,1,0
6,4,0.82116,0.8539,1.05181732310114,7.20934025660291,4.60517018598809,0.693147180559945,3.73766961828337,5.72031177660741,4.58496747867057,1,0,4.3536246462852,0,1,1,0,0,0,1,0
0,4,0.82116,0.8539,0.826898063360482,6.67834211465433,3.50855589998265,0.693147180559945,3.78418963391826,4.88280192258637,5.69035945432406,0,1,4.3536246462852,0,1,1,0,0,0,1,0
6,3.43,0.82116,0.8539,1.05181732310114,6.47697236288968,2.77258872223978,-0.287682072451781,2.99573227355399,4.60517018598809,4.11496384942484,0,0,4.3536246462852,0,1,1,0,0,0,1,0
4,0,1,0.78125,0.237147623523092,6.83947643822884,3.51154543883102,0.916290731874155,4.47733681447821,5.29581423632992,4.74927052996185,1,1,4.38920543896039,1,0,1,0,0,1,0,0
6,4.5,0.71429,0.57143,0.826898063360482,7.29709100516042,3.87120101090789,1.38629436111989,4.94875989037817,5.68357976733868,5.31811999384422,0,1,2.64231146171943,0,1,1,0,0,1,0,0
8,4,0.49844,0.47975,0.0152169540477273,7.14361760270412,4.44265125649032,1.09861228866811,4.31748811353631,5.55682806169954,5.50938833662798,0,1,4.37491838072929,1,0,1,0,0,1,0,0
8,4,0.49844,0.47975,0.0152169540477273,7.1777824161952,4.44265125649032,1.09861228866811,4.38202663467388,5.43372200355424,5.32300997913841,0,1,4.37491838072929,0,1,0,0,0,1,0,0
9,4,0.94118,0.70588,0.163875039592634,6.25382881157547,3.49650756146648,0,3.91202300542815,4.68213122712422,3.68887945411394,0,0,4.26502716406364,0,1,0,0,0,1,0,0
4,4,0.84973,0.81967,0.43785977313281,6.51025834052315,3.80666248977032,0.559615787935423,4.02535169073515,5.1328529268205,4.00733318523247,0,0,4.26240421174003,0,1,0,0,0,1,0,0
8,4,0.84973,0.81967,0.0152169540477273,7.5251007461258,4.56434819146784,1.09861228866811,4.54329478227,5.48893772615669,4.62497281328427,0,0,4.26240421174003,0,1,0,0,0,1,0,0
9,4,0.93333,0.83333,0.163875039592634,8.00369733909437,4.86753445045558,1.38629436111989,4.95582705760126,6.26530121273771,5.91079664404053,0,1,4.26620820453727,1,0,1,0,0,1,0,0
5,4,0.96154,0.76923,1.05181732310114,6.13556489108174,3.62434093297637,0.405465108108164,4.26267987704132,5.35658627467201,3.17805383034795,1,0,4.3233474088078,0,0,0,0,0,1,0,0
6,3.5,0.8,0.66667,1.05181732310114,6.55677835615804,2.99573227355399,0.405465108108164,2.99573227355399,5.30330490805908,3.97029191355212,0,1,4.10727926023869,1,0,1,0,0,1,0,0
9,5,0.77439,0.60976,0.163875039592634,7.93020620668468,5.31320597904179,2.07944154167984,5.38449506278909,6.06842558824411,5.22708985725967,0,0,3.70047783078281,0,1,1,0,0,0,1,0
9,5,0.77439,0.60976,0.163875039592634,7.9373746961633,5.27299955856375,2.07944154167984,5.24702407216049,5.85220247977447,5.0998664278242,0,1,3.70047783078281,1,0,1,0,0,0,1,0
0,5,0.90747,0.84578,0.163875039592634,6.17378610390194,3.46573590279973,0,3.52636052461616,4.24849524204936,3.98805769170414,0,1,3.87768654821989,0,1,1,0,0,0,1,0
7,4,0,0.66667,0.163875039592634,7.24422751560335,4.71849887129509,1.38629436111989,4.67282883446191,5.52942908751142,4.28082412916472,0,0,4.54359099927556,1,0,0,0,0,1,0,0
10,4,1,1,0.163875039592634,6.86484777797086,4.23410650459726,0.693147180559945,4.33073334028633,5.03043792139244,5.30826769740121,0,1,4.50198526498477,1,0,1,0,0,1,0,0
11,3,0.51309,0.74346,0.163875039592634,6.59167373200866,4.62497281328427,0.693147180559945,3.76120011569356,4.99043258677874,4.76217393479776,1,1,3.66307085464007,1,0,1,0,0,1,0,0
2,4,0.71429,0.57143,0.56740778064943,6.80072670622361,4.02980604108453,0.810930216216329,4.59511985013459,5.40042258948519,5.10594547390058,0,1,2.64231146171943,0,1,1,0,0,1,0,0
5,4.5,0.473134,0.49801,0.127555240463586,7.10701588983301,5.41610040220442,0.693147180559945,3.73766961828337,5.41164605185504,4.12713438504509,0,1,3.28187905686036,0,1,0,0,0,1,0,0
0,3,0,0.66667,1.05181732310114,6.77992190747225,3.91202300542815,0.693147180559945,3.3322045101752,4.60517018598809,4.45434729625351,0,1,4.54359099927556,0,1,1,0,0,1,0,0
4,5,0.90909,0.98182,0.163875039592634,6.80239476332431,3.71357206670431,1.38629436111989,4.06044301054642,5.56068163101553,4.24849524204936,1,1,4.02658666598874,1,0,0,0,0,1,0,0
3,4,0.11111,0.66667,0.163875039592634,6.12249280951439,2.70805020110221,0,3.73766961828337,5.16478597392351,3.40119738166216,0,1,2.64231146171943,1,0,1,0,0,1,0,0
9,3,0.71429,0.57143,0.163875039592634,6.91572344863131,4.17438726989564,0.693147180559945,4.30406509320417,5.04985600724954,4.04305126783455,0,1,2.64231146171943,0,1,0,0,0,1,0,0
9,5,0,0.66667,0.163875039592634,7.81278281857758,4.70048036579242,1.38629436111989,4.9416424226093,5.90808293816893,5.47227067367148,0,0,4.54359099927556,1,0,1,0,0,1,0,0
11,4,0.41818,1,1.05181732310114,6.39692965521615,2.89037175789616,0,3.66356164612965,4.34380542185368,4.02535169073515,1,1,4.45949813934108,1,0,1,0,0,1,0,0
10,3,0.71429,0.57143,1.05181732310114,6.21460809842219,3.40119738166216,0,3.49650756146648,4.68213122712422,3.46573590279973,0,1,2.64231146171943,0,1,1,0,0,1,0,0
8,4,0.90909,0.82645,0.24881438289512,7.12044437239249,4.24849524204936,0.916290731874155,4.69134788222914,5.59842195899838,4.30406509320417,0,0,4.06022777009124,0,1,1,0,0,1,0,0
6,4,0.90909,0.82645,1.05181732310114,5.17048399503815,2.52572864430826,-0.693147180559945,3.17805383034795,4.15888308335967,2.07944154167984,1,0,4.06022777009124,0,1,0,0,0,1,0,0
8,4,1,0.75,0.163875039592634,6.94408720822953,4.23410650459726,0.693147180559945,4.14313472639153,5.19849703126583,5.34233425196481,0,1,4.1321162797494,1,0,1,0,0,1,0,0
10,4,0.91743,0.82569,0.0152169540477273,7.12608727329912,4.44265125649032,1.09861228866811,4.12713438504509,5.44241771052179,5.44241771052179,0,1,3.98740341562137,1,0,0,0,0,1,0,0
9,4,0.91743,0.82569,0.0152169540477273,7.26052259808985,4.44265125649032,1.09861228866811,4.30406509320417,5.28320372873799,5.62401750618734,0,1,3.98740341562137,0,1,1,0,0,1,0,0
9,4,0.91743,0.82569,1.05181732310114,5.98141421125448,3.17805383034795,0,3.66356164612965,4.62497281328427,4.70048036579242,0,1,3.98740341562137,1,0,1,0,0,1,0,0
8,4,1,0.75,0.163875039592634,6.88857245956536,4.17438726989564,0.693147180559945,4.21950770517611,5.37989735354046,5.33271879326537,0,1,4.1321162797494,1,0,0,0,0,1,0,0
9,4,1,0.75,1.05181732310114,6.00881318544259,2.99573227355399,0,3.61091791264422,5.04342511691925,4.78749174278205,0,1,4.1321162797494,1,0,0,0,0,1,0,0
10,5,0.93284,0.92537,3.90354263459095,7.37274636640433,4.27666611901606,1.01160091167848,4.54329478227,5.34233425196481,4.20469261939097,0,0,4.07126662112715,0,1,1,0,0,1,0,0
12,4,0.9434,0.9434,0.0752819026829323,6.53958595561767,4.29045944114839,0.693147180559945,4.45434729625351,5.24174701505964,4.96563792816552,0,0,4.00896478084283,1,0,1,0,0,1,0,0
5,3,0.81633,0.91837,0.826898063360482,6.45204895443723,3.97029191355212,0.693147180559945,3.91202300542815,5.03695260241363,4.21950770517611,1,0,4.01647395240651,1,0,1,0,0,1,0,0
3,3,0.81633,0.91837,0.258294354996737,7.24708058458576,4.47733681447821,1.09861228866811,4.12713438504509,5.57972982598622,5.21493575760899,0,0,4.01647395240651,1,0,1,0,0,1,0,0
6,4,0.41667,0.16667,0.826898063360482,6.18414889093748,1.83258146374831,0.693147180559945,3.95124371858143,5.78074351579233,4.60517018598809,0,1,4.04986830663518,1,0,1,0,0,1,0,0
9,6,0.41667,0.16667,1.05181732310114,5.95324333428778,3.2188758248682,0,2.77258872223978,4.12713438504509,3.44998754583159,1,1,4.04986830663518,1,0,1,0,0,1,0,0
3,4,0.41667,0.16667,0.826898063360482,6.38519439899773,3.49650756146648,0.693147180559945,3.61091791264422,5.08759633523238,3.49650756146648,0,1,4.04986830663518,1,0,1,0,0,1,0,0
9,4,0.95,0.925,0.258294354996737,7.01660968389422,4.15888308335967,1.79175946922805,3.87120101090789,4.12713438504509,3.80666248977032,0,1,4.168044872803,0,1,0,0,0,1,0,0
9,4,0.93333,0.83333,1.05181732310114,6.76157276880406,1.09861228866811,0,4.29045944114839,5.04985600724954,4.63472898822964,0,1,4.26620820453727,1,0,1,0,0,1,0,0
3,5,0.85039,0.90551,0.826898063360482,6.95654544315157,3.89182029811063,1.38629436111989,4.57471097850338,5.63478960316925,4.64439089914137,1,1,4.38734570114827,0,1,1,0,0,1,0,0
5,4,0.84348,0.85217,1.05181732310114,5.75257263882563,0.300104592450338,-0.693147180559945,3.36729582998647,4.25561270981822,3.78418963391826,0,1,4.58834963998122,1,0,1,1,0,0,0,0
6,6,0.89928,0.70863,0.302800976085866,7.51752085060303,5.02716459604747,2.39789527279837,4.18965474202643,5.68357976733868,3.40119738166216,0,1,4.67616347482071,1,0,1,1,0,0,0,0
10,5,0.96154,0.76923,0.163875039592634,8.20631072579402,4.46590811865458,1.38629436111989,5.02388052084628,5.4971682252932,5.91079664404053,0,1,4.3233474088078,1,0,1,0,0,1,0,0
9,4,0.9,0.9,0.0326881299426472,7.15461535691366,5.39362754635236,1.65822807660353,5.23110861685459,6.08677472691231,5.39816270151775,1,1,4.13889355888605,0,1,0,0,0,1,0,0
0,3,0,0.66667,1.05181732310114,6.08677472691231,3.68887945411394,0,2.83321334405622,3.8286413964891,3.58351893845611,1,1,4.54359099927556,1,0,0,0,0,1,0,0
5,4,0.90909,0.82645,0.00988028281495825,7.28276117960559,4.36309862478836,0.916290731874155,4.59511985013459,5.54517744447956,4.34380542185368,0,0,4.06022777009124,0,1,1,0,0,1,0,0
6,6,0.19048,0.16667,0.0655753718622365,7.67786350067821,5.0998664278242,1.25276296849537,4.27666611901606,5.70044357339069,4.49980967033027,0,1,4.31279625424377,1,0,0,1,0,0,0,0
4,4,1,0.8,0.163875039592634,6.95654544315157,4.26267987704132,0.693147180559945,4.40671924726425,5.04985600724954,4.43081679884331,0,0,4.67377727089933,0,0,1,1,0,0,0,0
9,3,0.94444,0.88889,0.163875039592634,5.54047892369801,3.45505405445287,0,3.3322045101752,3.86848900340442,4.34172533790036,0,1,4.12739314691568,0,1,0,1,0,0,0,0
7,4,0.89855,0.71014,0.0152169540477273,7.02997291170639,3.55534806148941,1.09861228866811,4.7361984483945,5.51342874616498,4.99382817577987,0,1,4.36780883141885,1,0,1,1,0,0,0,0
8,4,0.83333,0.8,32.2897903489359,7.18538701558042,3.48124008933569,0.916290731874155,4.45434729625351,5.06890420222023,3.85967652505594,0,1,3.84688876613482,0,0,1,0,0,1,0,0
8,4,0.93284,0.92537,0.163875039592634,6.88755257166462,4.11087386417331,0.693147180559945,4.43081679884331,4.85981240436167,4.13356527537538,0,1,4.07126662112715,0,1,1,0,0,1,0,0
12,0,0.92857,0.89286,0.0752819026829323,6.46146817635372,3.13983261752775,0.693147180559945,4.15888308335967,4.43081679884331,4.38202663467388,0,0,3.93207804546557,1,0,1,0,0,1,0,0
12,0,0.92857,0.89286,0.611824933642764,7.33953769540767,4.29045944114839,1.50407739677627,4.70048036579242,5.45958551414416,4.24849524204936,0,0,3.93207804546557,1,0,1,0,0,1,0,0
12,0,0.92857,0.89286,0.189391678625567,7.58069975222456,3.96081316959758,1.79175946922805,4.89034912822175,5.8348107370626,4.83628190695148,0,0,3.93207804546557,1,0,1,0,0,1,0,0
3,4,0.9434,0.9434,1.05181732310114,5.39362754635236,2.56494935746154,-0.693147180559945,3.04452243772342,3.98898404656427,2.99573227355399,0,0,3.87564846795889,0,1,1,0,0,1,0,0
2,4.5,0.89286,0.95238,0.0152169540477273,6.85646198459459,3.78418963391826,0.405465108108164,4.11087386417331,4.80811102998478,4.04305126783455,0,0,3.90461455999724,1,0,1,0,0,1,0,0
6,4,0.89286,0.95238,0.163875039592634,7.23561914106675,3.89182029811063,0.693147180559945,4.34380542185368,5.27811465923052,4.66343909411207,0,0,3.90461455999724,1,0,1,0,0,1,0,0
11,5,1,0.71084,0.258294354996737,7.73630709654828,3.78532535238219,1.09861228866811,4.89783979995091,5.33753807970132,5.28320372873799,0,0,3.61739723439899,1,0,1,0,0,1,0,0
9,5,0.93023,1,0.258294354996737,8.40737832540903,4.47278099794235,1.79175946922805,5.47227067367148,6.13988455222626,6.07993319509559,0,0,3.84595740966773,1,0,1,0,0,1,0,0
4,4,1,0.82234,0.163875039592634,7.17011954344963,4.60517018598809,1.09861228866811,4.48863636973214,5.6021188208797,4.46014441393783,0,1,3.71686090521328,1,0,0,0,0,1,0,0
7,3.5,0.93023,1,0.00403476911581598,6.3456363608286,3.68887945411394,0.262364264467491,4.29045944114839,4.7361984483945,3.55534806148941,1,0,3.84595740966773,0,1,0,0,0,1,0,0
0,5,0.7,0.75,1.05181732310114,5.85793315448346,2.30258509299405,0,2.94443897916644,5.19295685089021,3.78418963391826,0,1,3.85877927032499,1,0,1,0,0,1,0,0
12,4,0.93023,1,0.163875039592634,8.58073121222023,5.27299955856375,1.79175946922805,5.42053499927229,5.98141421125448,6.33682573114644,0,1,3.84595740966773,1,0,1,0,0,1,0,0
7,4,0.75,0.75,1.05181732310114,6.03548143252476,3.17805383034795,0,3.63758615972639,4.85981240436167,4.74493212836325,1,1,3.88960499442589,1,0,0,0,0,1,0,0
9,4,0.75,0.75,1.05181732310114,5.92425579741453,3.17805383034795,0,3.61091791264422,4.76217393479776,4.67282883446191,0,1,3.88960499442589,1,0,0,0,0,1,0,0
0,4,0.4,0,0.416952407864701,5.95583736946483,2.52572864430826,0.916290731874155,4.31748811353631,4.99043258677874,4.38202663467388,0,1,3.48366290093382,1,0,0,0,0,1,0,0
5,4,0.875,0.75,0.163875039592634,6.5510803350434,3.15700042115011,0.693147180559945,3.91202300542815,5.14749447681345,4.29728540621879,0,1,3.50880211716879,1,0,1,0,0,1,0,0
6,4,0.925,0.9375,0.163875039592634,6.07304453410041,3.48124008933569,0,3.76120011569356,4.33073334028633,3.51452606696916,0,1,3.12718697166663,0,0,1,0,0,1,0,0
11,4,0.82143,0.91429,0.163875039592634,5.67675380226828,3.48124008933569,0,3.85014760171006,4.35670882668959,3.3322045101752,0,1,3.73152155392445,0,1,1,0,0,1,0,0
7,4,0.7,0.75,1.05181732310114,5.8636311755981,3.2188758248682,0,2.83321334405622,4.12713438504509,3.97029191355212,1,1,3.85877927032499,1,0,1,0,0,1,0,0
8,4,0.95,0.95,1.05181732310114,5.39362754635236,2.70805020110221,-0.693147180559945,2.77258872223978,4.38202663467388,3.58351893845611,0,0,3.04951850801741,1,0,0,0,0,1,0,0
10,4,0.89286,0.95238,1.05181732310114,6.21460809842219,3.17805383034795,0,3.61091791264422,4.60517018598809,4.22683374526818,0,0,3.90461455999724,1,0,0,0,0,1,0,0
8,4,1,1,0.163875039592634,5.76832099579377,3.52636052461616,0,4.06044301054642,3.91202300542815,3.27714473299218,0,1,3.51875050744647,0,0,0,0,0,1,0,0
6,4,0.87336,1,3.07783565008592,7.34794382314869,4.14313472639153,1.09861228866811,4.77912349311153,5.42934562895444,4.32941668440158,0,1,4.50240114334682,0,1,1,0,0,1,0,0
6,4,0.71429,0.57143,0.163875039592634,5.89989735358249,3.11351530921037,0,3.91202300542815,4.35670882668959,3.54095932403731,0,0,2.64231146171943,0,1,0,0,0,1,0,0
9,4,0.78571,0.78571,0.0655753718622365,7.23128700432762,3.48124008933569,1.25276296849537,4.80402104473326,6.05208916892442,4.0943445622221,1,0,3.91927776257885,0,1,0,0,0,1,0,0
4,3,0.290645,0.322903,0.267419283812096,6.40357419793482,4.26267987704132,0.215111379616945,4.07753744390572,4.98360662170834,3.58351893845611,1,1,4.35684715411768,0,0,1,0,0,1,0,0
6,4,0.94118,0.70588,0.0152169540477273,6.73340189183736,4.00733318523247,0.405465108108164,4.17438726989564,4.95582705760126,3.97029191355212,0,1,4.26502716406364,0,1,1,0,0,1,0,0
4,4,0.78571,0.78571,0.24881438289512,7.25134498337221,4.24849524204936,0.916290731874155,4.77068462446567,5.61312810638807,3.95124371858143,1,1,3.91927776257885,1,0,0,0,0,1,0,0
9,4,0.93023,1,0.163875039592634,8.72712991524317,4.85981240436167,1.79175946922805,5.41610040220442,6.65929391968364,6.3456363608286,0,0,3.84595740966773,1,0,1,0,0,1,0,0
9,4,0.82143,0.91429,0.163875039592634,6.5792512120101,3.46573590279973,0,3.66356164612965,4.33073334028633,3.68887945411394,0,1,3.73152155392445,0,1,1,0,0,1,0,0
0,4,1,0.82234,0.163875039592634,5.62762111369064,3.46573590279973,0,3.78418963391826,4.18965474202643,3.73766961828337,1,1,3.71686090521328,0,1,1,0,0,1,0,0
1,4,1,0.74766,0.163875039592634,6.13988455222626,3.46573590279973,0,3.78418963391826,4.23410650459726,3.68887945411394,0,0,3.99561921136986,1,0,1,0,0,1,0,0
8,4,0.90741,0.86111,0.163875039592634,6.36990098282823,3.49650756146648,0,3.87120101090789,4.23410650459726,3.78418963391826,0,0,3.8900602271742,1,0,0,0,0,0,1,0
9,5,0.9,0.9,0.163875039592634,6.62804137617953,4.18965474202643,0.693147180559945,4.17438726989564,5.08759633523238,4.5295841990315,0,0,4.13889355888605,0,0,1,0,0,1,0,0
2,4,1,0.0005,0.0152169540477273,6.75460409948796,3.94158180766969,0.405465108108164,4.15888308335967,4.9416424226093,4.49980967033027,0,1,4.57471145102462,0,1,1,1,0,0,0,0
0,3.5,1,0.0005,0.0152169540477273,6.83947643822884,4.04305126783455,0.405465108108164,3.95124371858143,4.87519732320115,3.91202300542815,1,1,4.57471145102462,1,0,1,1,0,0,0,0
5,5,0.94915,0.94237,0.0152169540477273,6.08677472691231,3.24649099190117,0.405465108108164,3.73766961828337,5.0998664278242,4.08597631255158,0,0,4.28195389322631,1,0,0,1,0,0,0,0
10,0,0.94915,0.94237,6.08552364469885,6.46146817635372,3.68887945411394,0,3.13549421592915,4.56434819146784,4.12713438504509,0,1,4.28195389322631,0,1,1,1,0,0,0,0
3,4,0.89868,0.82819,1.05181732310114,6.30991827822652,3.8286413964891,0.693147180559945,3.8286413964891,5.31811999384422,3.89182029811063,0,1,1.57931646636294,1,0,1,0,1,0,0,0
8,4,0.83784,0.93555,0.826898063360482,7.49554194388426,3.25809653802148,0.693147180559945,3.36729582998647,5.08759633523238,3.56953269648137,0,1,4.68377714064871,0,1,0,0,1,0,0,0
9,0,0.92308,0.76923,0.163875039592634,6.8134445995109,4.18965474202643,0.693147180559945,4.12713438504509,4.98360662170834,4.42532555906903,0,1,1.43027586823015,0,0,1,1,0,0,0,0
9,4,0.8,0.91667,0.0152169540477273,7.2283884515736,4.44265125649032,1.09861228866811,4.12713438504509,5.42053499927229,5.67675380226828,0,1,4.46401995062351,1,0,1,1,0,0,0,0
7,4,1,1,0.163875039592634,7.13886699994552,4.14313472639153,0.693147180559945,4.14313472639153,4.92725368515721,4.15888308335967,0,0,1.89201814984271,0,1,0,1,0,0,0,0
2,4,0,0.61538,0.163875039592634,5.7037824746562,3.49650756146648,0,3.8286413964891,4.23410650459726,3.68887945411394,1,0,4.45913065389902,0,1,0,1,0,0,0,0
7,5,1,1,0.163875039592634,6.3456363608286,3.49650756146648,0,3.85014760171006,4.23410650459726,3.85014760171006,0,0,1.89201814984271,1,0,0,1,0,0,0,0
9,4,1,1,0.0152169540477273,7.40853056689463,4.65396035015752,1.09861228866811,4.60517018598809,5.52146091786225,4.65396035015752,0,0,1.89201814984271,0,0,1,1,0,0,0,0
7,0,1,0.75,0.163875039592634,6.77992190747225,4.17438726989564,0.693147180559945,4.06044301054642,4.92725368515721,4.15888308335967,0,0,4.726711957767,0,1,0,1,0,0,0,0
9,4,0.93168,0.96273,0.163875039592634,6.92264389147589,4.17438726989564,0.693147180559945,4.17438726989564,5.05624580534831,5.33271879326537,0,1,3.80526914233753,0,1,1,0,0,1,0,0
11,4,0.85714,0.98571,0.0152169540477273,7.29097477814298,4.44265125649032,1.09861228866811,4.35670882668959,5.58724865840025,5.57972982598622,0,1,3.23426067222652,1,0,0,0,0,1,0,0
9,5,0.93,1,0.0152169540477273,6.66440902035041,3.8177123259569,0.405465108108164,4.00733318523247,4.82028156560504,3.87120101090789,0,0,4.33982212005807,0,1,1,1,0,0,0,0
3,3,0.41818,1,1.05181732310114,6.51025834052315,3.75536919538277,0.405465108108164,2.89037175789616,5.37527840768417,4.30406509320417,0,1,4.45949813934108,1,0,1,0,0,1,0,0
10,4,0.91475,0.81336,1.05181732310114,6.05208916892442,3.2188758248682,0,2.83321334405622,5.40267738187228,4.18965474202643,0,0,3.58820680741338,0,1,1,0,0,0,1,0
6,4,0.93168,0.96273,0.163875039592634,6.93342302573071,4.23410650459726,0.693147180559945,4.15888308335967,5.04985600724954,5.30330490805908,0,1,3.80526914233753,0,1,1,0,0,1,0,0
9,5,0.41818,1,1.05181732310114,5.74460446917646,3.62434093297637,0,3.09104245335832,4.7361984483945,3.78418963391826,1,0,4.45949813934108,1,0,1,0,0,1,0,0
0,3,0.6886,0.53947,1.05181732310114,5.28826703069454,3.40119738166216,0,2.56494935746154,4.34380542185368,3.08831145484708,1,1,3.35388594909658,0,1,1,0,0,1,0,0
2,0,0.84926,0.81104,0.452092259539174,6.90775527898214,3.89589362349826,1.09861228866811,4.44265125649032,5.22305488204749,4.39444915467244,1,1,4.42662246365464,0,1,1,0,1,0,0,0
4,3,0.84926,0.81104,0.0752819026829323,7.18538701558042,4.51305489708029,1.38629436111989,4.70953020131233,5.04985600724954,4.83628190695148,0,0,4.42662246365464,1,0,0,0,1,0,0,0
5,4,0.84926,0.81104,1.05181732310114,6.90775527898214,3.91202300542815,0.693147180559945,3.78418963391826,5.33753807970132,2.99573227355399,1,1,4.42662246365464,0,1,1,0,1,0,0,0
12,5,0.95833,0.975,0.163875039592634,6.7093043402583,3.58351893845611,0,3.87120101090789,4.24849524204936,4.0943445622221,0,0,4.64917475600018,0,1,1,0,0,1,0,0
12,4,0.51309,0.74346,0.163875039592634,6.2803958389602,3.63758615972639,0,4.04305126783455,4.60517018598809,4.00733318523247,0,1,3.66307085464007,1,0,0,0,0,1,0,0
11,0,0.84926,0.81104,0.0859627311930423,7.05617528410041,3.93573953204546,1.09861228866811,4.29045944114839,5.47646355193151,4.52178857704904,1,1,4.42662246365464,0,1,0,0,1,0,0,0
